{"returned_dict": {"loss": 0.008314727384099259, "r2": 0.9988481723404213, "status": "ok", "start_time": 1688753943.8685791, "duration": 1.5336198806762695}, "current_params": {"N": 500, "iss": 0.9, "lr": 0.6053395945549399, "ridge": 1e-07, "seed": 1234, "sr": 0.585864823414778}}