{"returned_dict": {"loss": 0.008467777586961732, "r2": 0.9988060816932715, "status": "ok", "start_time": 1688755572.17823, "duration": 1.6104907989501953}, "current_params": {"N": 500, "iss": 0.9, "lr": 0.6692322890454034, "ridge": 1e-07, "seed": 1234, "sr": 0.5615359008812308}}