{"returned_dict": {"loss": 0.007288912484614431, "r2": 0.9991186919165284, "status": "ok", "start_time": 1688755399.926044, "duration": 1.3703210353851318}, "current_params": {"N": 500, "iss": 0.9, "lr": 0.351101881861253, "ridge": 1e-07, "seed": 1234, "sr": 0.7620878818979939}}