{"returned_dict": {"loss": 0.008314727384099259, "r2": 0.9988481723404213, "status": "ok", "start_time": 1688753209.1012092, "duration": 1.6333487033843994}, "current_params": {"N": 500, "iss": 0.9, "lr": 0.6053395945549399, "ridge": 1e-07, "seed": 1234, "sr": 0.585864823414778}}