{"returned_dict": {"loss": 0.004128894677750808, "r2": 0.9997190895357267, "status": "ok", "start_time": 1688755318.3948889, "duration": 1.3482060432434082}, "current_params": {"N": 500, "iss": 0.9, "lr": 0.27685374484311337, "ridge": 1e-07, "seed": 1234, "sr": 1.0718258406733134}}