{"returned_dict": {"loss": 0.004467773583864648, "r2": 0.999658868306709, "status": "ok", "start_time": 1688755549.61111, "duration": 1.4045660495758057}, "current_params": {"N": 500, "iss": 0.9, "lr": 0.5275770821221863, "ridge": 1e-07, "seed": 1234, "sr": 0.8709516406699347}}