{"returned_dict": {"loss": 0.002897945114885839, "r2": 0.9998582727982493, "status": "ok", "start_time": 1688754982.431663, "duration": 1.3890571594238281}, "current_params": {"N": 500, "iss": 0.9, "lr": 0.3597071043773894, "ridge": 1e-07, "seed": 1234, "sr": 1.078458558973471}}