{"returned_dict": {"loss": 0.007833781496599324, "r2": 0.9989856468949364, "status": "ok", "start_time": 1688755449.7835038, "duration": 1.426281213760376}, "current_params": {"N": 500, "iss": 0.9, "lr": 0.8900744887793843, "ridge": 1e-07, "seed": 1234, "sr": 0.5391845335260332}}