{"returned_dict": {"loss": 0.009951096221990752, "r2": 0.9983421194631283, "status": "ok", "start_time": 1688755304.8226838, "duration": 1.3442332744598389}, "current_params": {"N": 500, "iss": 0.9, "lr": 0.9794034504292507, "ridge": 1e-07, "seed": 1234, "sr": 0.406069916171604}}