{"returned_dict": {"loss": 0.002797531443364061, "r2": 0.9998727833867059, "status": "ok", "start_time": 1688754975.633423, "duration": 1.3800687789916992}, "current_params": {"N": 500, "iss": 0.9, "lr": 0.36453999372827345, "ridge": 1e-07, "seed": 1234, "sr": 1.1747727724200445}}