{"returned_dict": {"loss": 0.005279271162182841, "r2": 0.9995318983695339, "status": "ok", "start_time": 1688755384.814271, "duration": 1.3538181781768799}, "current_params": {"N": 500, "iss": 0.9, "lr": 0.3378461052232361, "ridge": 1e-07, "seed": 1234, "sr": 0.8776545652016747}}