{"returned_dict": {"loss": 0.006720635379927596, "r2": 0.9992553792208216, "status": "ok", "start_time": 1688755391.633831, "duration": 1.355341911315918}, "current_params": {"N": 500, "iss": 0.9, "lr": 0.7169143323529689, "ridge": 1e-07, "seed": 1234, "sr": 0.6609944513624373}}