{"returned_dict": {"loss": 0.004192336829250761, "r2": 0.9997099997611526, "status": "ok", "start_time": 1688755360.0878851, "duration": 1.365143060684204}, "current_params": {"N": 500, "iss": 0.9, "lr": 0.27385907525426506, "ridge": 1e-07, "seed": 1234, "sr": 1.0701795987165166}}