{"returned_dict": {"loss": 0.0017262763033824213, "r2": 0.9999454192031257, "status": "ok", "start_time": 1688755317.038692, "duration": 1.3547449111938477}, "current_params": {"N": 500, "iss": 0.9, "lr": 0.9187802178509048, "ridge": 1e-07, "seed": 1234, "sr": 1.032692450888628}}