{"returned_dict": {"loss": 0.0006129513072871063, "r2": 0.9999925639462551, "status": "ok", "start_time": 1688754464.5374799, "duration": 1.3704619407653809}, "current_params": {"N": 500, "iss": 0.9, "lr": 0.9794034504292507, "ridge": 1e-07, "seed": 1234, "sr": 1.2509379966926149}}