{"returned_dict": {"loss": 0.0011928679155141753, "r2": 0.9999715963542997, "status": "ok", "start_time": 1688755340.93539, "duration": 1.3944928646087646}, "current_params": {"N": 500, "iss": 0.9, "lr": 0.9886841501638682, "ridge": 1e-07, "seed": 1234, "sr": 1.097775328475012}}