{"returned_dict": {"loss": 0.008025205972213711, "r2": 0.9989316150377258, "status": "ok", "start_time": 1688755353.2691278, "duration": 1.3488593101501465}, "current_params": {"N": 500, "iss": 0.9, "lr": 0.719334282114676, "ridge": 1e-07, "seed": 1234, "sr": 0.5725441273743288}}