{"returned_dict": {"loss": 0.01951131581715353, "r2": 0.9938044130303206, "status": "ok", "start_time": 1688755451.2117062, "duration": 1.382558822631836}, "current_params": {"N": 500, "iss": 0.9, "lr": 0.13565077644388218, "ridge": 1e-07, "seed": 1234, "sr": 0.71773659755549}}