{"returned_dict": {"loss": 0.017534616333761268, "r2": 0.995010341254727, "status": "ok", "start_time": 1688755502.472665, "duration": 1.4155669212341309}, "current_params": {"N": 500, "iss": 0.9, "lr": 0.6053395945549399, "ridge": 1e-07, "seed": 1234, "sr": 0.22694378756425196}}