{"returned_dict": {"loss": 0.01080984232259271, "r2": 0.9974110180529937, "status": "ok", "start_time": 1688755474.144335, "duration": 1.5632169246673584}, "current_params": {"N": 500, "iss": 0.9, "lr": 0.3620369210485849, "ridge": 1e-07, "seed": 1234, "sr": 1.3495121461049868}}