{"returned_dict": {"loss": 0.018712652027326915, "r2": 0.9943234498952306, "status": "ok", "start_time": 1688755478.515407, "duration": 1.3939530849456787}, "current_params": {"N": 500, "iss": 0.9, "lr": 0.1228519302926199, "ridge": 1e-07, "seed": 1234, "sr": 0.8177792821088105}}