{"returned_dict": {"loss": 0.012103332679035203, "r2": 0.9975852925651666, "status": "ok", "start_time": 1688755421.9536362, "duration": 1.374931812286377}, "current_params": {"N": 500, "iss": 0.9, "lr": 0.29991682823976124, "ridge": 1e-07, "seed": 1234, "sr": 0.5978076403415961}}