{"returned_dict": {"loss": 0.01862836826145095, "r2": 0.9943805995099709, "status": "ok", "start_time": 1688753238.742811, "duration": 1.6347980499267578}, "current_params": {"N": 500, "iss": 0.9, "lr": 0.12183627042316367, "ridge": 1e-07, "seed": 1234, "sr": 0.8542795536342306}}