{"returned_dict": {"loss": 0.01752396783423584, "r2": 0.9950072981394311, "status": "ok", "start_time": 1688755373.713299, "duration": 1.3819630146026611}, "current_params": {"N": 500, "iss": 0.9, "lr": 0.3597071043773894, "ridge": 1e-07, "seed": 1234, "sr": 0.36239365071765844}}