{"returned_dict": {"loss": 0.018950829446518182, "r2": 0.9941765269025788, "status": "ok", "start_time": 1688755148.726532, "duration": 1.3954200744628906}, "current_params": {"N": 500, "iss": 0.9, "lr": 0.3023968431685586, "ridge": 1e-07, "seed": 1234, "sr": 0.3554664959628415}}