{"returned_dict": {"loss": 0.019288009401651773, "r2": 0.9865386215466404, "status": "ok", "start_time": 1688755392.991471, "duration": 1.3960630893707275}, "current_params": {"N": 500, "iss": 0.9, "lr": 0.810807527122514, "ridge": 1e-07, "seed": 1234, "sr": 1.4936427811145803}}