{"returned_dict": {"loss": 0.01991017533293678, "r2": 0.9935860919469516, "status": "ok", "start_time": 1688755307.520821, "duration": 1.346998929977417}, "current_params": {"N": 500, "iss": 0.9, "lr": 0.2061305930661558, "ridge": 1e-07, "seed": 1234, "sr": 0.46166964739252225}}