{"returned_dict": {"loss": 0.014804217943711284, "r2": 0.9964194059100419, "status": "ok", "start_time": 1688755119.6261911, "duration": 1.3908839225769043}, "current_params": {"N": 500, "iss": 0.9, "lr": 0.5127972912670764, "ridge": 1e-07, "seed": 1234, "sr": 0.3797757622392174}}