{"returned_dict": {"loss": 0.010933513998770303, "r2": 0.9980220289204248, "status": "ok", "start_time": 1688754718.5230331, "duration": 1.3735177516937256}, "current_params": {"N": 500, "iss": 0.9, "lr": 0.4642713297339475, "ridge": 1e-07, "seed": 1234, "sr": 0.5335784501655657}}