{"returned_dict": {"loss": 0.014804217943711284, "r2": 0.9964194059100419, "status": "ok", "start_time": 1688753215.641137, "duration": 1.6210129261016846}, "current_params": {"N": 500, "iss": 0.9, "lr": 0.5127972912670764, "ridge": 1e-07, "seed": 1234, "sr": 0.3797757622392174}}