{"returned_dict": {"loss": 0.016890665832597646, "r2": 0.9953517388854638, "status": "ok", "start_time": 1688755366.891965, "duration": 1.4011969566345215}, "current_params": {"N": 500, "iss": 0.9, "lr": 0.36453999372827345, "ridge": 1e-07, "seed": 1234, "sr": 0.3869682350322041}}