{"returned_dict": {"loss": 0.016442397593734073, "r2": 0.9955920169799989, "status": "ok", "start_time": 1688753774.868408, "duration": 1.3943901062011719}, "current_params": {"N": 500, "iss": 0.9, "lr": 0.8310012558635559, "ridge": 1e-07, "seed": 1234, "sr": 0.2237449778907503}}