{"returned_dict": {"loss": 0.029067322552156962, "r2": 0.9862923714225987, "status": "ok", "start_time": 1688755355.976127, "duration": 1.4067151546478271}, "current_params": {"N": 500, "iss": 0.9, "lr": 0.867375609082798, "ridge": 1e-07, "seed": 1234, "sr": 0.03787167444863048}}