{"returned_dict": {"loss": 0.024396869792474348, "r2": 0.9903418496941386, "status": "ok", "start_time": 1688753120.365702, "duration": 1.6215050220489502}, "current_params": {"N": 500, "iss": 0.9, "lr": 0.3193275230054054, "ridge": 1e-07, "seed": 1234, "sr": 0.22191193501289097}}