{"returned_dict": {"loss": 0.02636431982505631, "r2": 0.9887321187055403, "status": "ok", "start_time": 1688754701.172081, "duration": 1.390343189239502}, "current_params": {"N": 500, "iss": 0.9, "lr": 0.653912786587225, "ridge": 1e-07, "seed": 1234, "sr": 0.10149855100477383}}