{"returned_dict": {"loss": 0.028106129275091166, "r2": 0.9872076360626414, "status": "ok", "start_time": 1688753848.9153762, "duration": 1.4204578399658203}, "current_params": {"N": 500, "iss": 0.9, "lr": 0.3662606306703129, "ridge": 1e-07, "seed": 1234, "sr": 0.17537309143779847}}