{"returned_dict": {"loss": 0.029369270785679136, "r2": 0.9859894380404537, "status": "ok", "start_time": 1688753202.571929, "duration": 1.6283090114593506}, "current_params": {"N": 500, "iss": 0.9, "lr": 0.5195884549227741, "ridge": 1e-07, "seed": 1234, "sr": 0.11855799312403709}}