{"returned_dict": {"loss": 0.02183123839627828, "r2": 0.9923074674257194, "status": "ok", "start_time": 1688755498.066674, "duration": 1.528069019317627}, "current_params": {"N": 500, "iss": 0.9, "lr": 0.8650537343752283, "ridge": 1e-07, "seed": 1234, "sr": 0.06914528263358102}}