{"returned_dict": {"loss": 0.02184490975859645, "r2": 0.9922922447206758, "status": "ok", "start_time": 1688755560.8300931, "duration": 1.4218218326568604}, "current_params": {"N": 500, "iss": 0.9, "lr": 0.18446995638748817, "ridge": 1e-07, "seed": 1234, "sr": 0.4347059080191151}}