{"returned_dict": {"loss": 0.024292817661159535, "r2": 0.9904638530502194, "status": "ok", "start_time": 1688755327.953512, "duration": 1.350114107131958}, "current_params": {"N": 500, "iss": 0.9, "lr": 0.13440662792423172, "ridge": 1e-07, "seed": 1234, "sr": 0.5729596831111188}}