{"returned_dict": {"loss": 0.02252457299618003, "r2": 0.9918084175105214, "status": "ok", "start_time": 1688754515.973194, "duration": 1.4217901229858398}, "current_params": {"N": 500, "iss": 0.9, "lr": 0.867375609082798, "ridge": 1e-07, "seed": 1234, "sr": 0.05675258102871897}}