{"returned_dict": {"loss": 0.028465345376244722, "r2": 0.9868740093503169, "status": "ok", "start_time": 1688754487.023942, "duration": 1.3537178039550781}, "current_params": {"N": 500, "iss": 0.9, "lr": 0.32990593409366, "ridge": 1e-07, "seed": 1234, "sr": 0.18658183701753264}}