{"returned_dict": {"loss": 0.021454437283960247, "r2": 0.9925701911908628, "status": "ok", "start_time": 1688755332.016721, "duration": 1.3512201309204102}, "current_params": {"N": 500, "iss": 0.9, "lr": 0.8310012558635559, "ridge": 1e-07, "seed": 1234, "sr": 0.10846116717380935}}