{"returned_dict": {"loss": 0.02417756794558677, "r2": 0.9905304913119224, "status": "ok", "start_time": 1688755508.0822499, "duration": 1.3896141052246094}, "current_params": {"N": 500, "iss": 0.9, "lr": 0.5127972912670764, "ridge": 1e-07, "seed": 1234, "sr": 0.16274707399395758}}