{"returned_dict": {"loss": 0.029158369089748698, "r2": 0.9862388135853511, "status": "ok", "start_time": 1688753933.925246, "duration": 1.4218289852142334}, "current_params": {"N": 500, "iss": 0.9, "lr": 0.37889378400488194, "ridge": 1e-07, "seed": 1234, "sr": 0.16300115584611943}}