{"returned_dict": {"loss": 0.020786523523821127, "r2": 0.9930243409156478, "status": "ok", "start_time": 1688753204.201941, "duration": 1.60886812210083}, "current_params": {"N": 500, "iss": 0.9, "lr": 0.8650537343752283, "ridge": 1e-07, "seed": 1234, "sr": 0.12440910427817788}}