{"returned_dict": {"loss": 0.02085328801105534, "r2": 0.9929398441581697, "status": "ok", "start_time": 1688755558.0089989, "duration": 1.4214892387390137}, "current_params": {"N": 500, "iss": 0.9, "lr": 0.4642713297339475, "ridge": 1e-07, "seed": 1234, "sr": 0.21124106637536544}}