{"returned_dict": {"loss": 0.03045241972994961, "r2": 0.9849795038117516, "status": "ok", "start_time": 1688754635.3145862, "duration": 1.373995065689087}, "current_params": {"N": 500, "iss": 0.9, "lr": 0.4367736203806123, "ridge": 1e-07, "seed": 1234, "sr": 0.13317912806568327}}