{"returned_dict": {"loss": 0.035542826941545716, "r2": 0.979575643362625, "status": "ok", "start_time": 1688755536.788675, "duration": 1.4005358219146729}, "current_params": {"N": 500, "iss": 0.9, "lr": 0.3023968431685586, "ridge": 1e-07, "seed": 1234, "sr": 0.15469564515804274}}