{"returned_dict": {"loss": 0.0353694454657171, "r2": 0.9796309988838364, "status": "ok", "start_time": 1688755541.036732, "duration": 1.5308730602264404}, "current_params": {"N": 500, "iss": 0.9, "lr": 0.653912786587225, "ridge": 1e-07, "seed": 1234, "sr": 0.05915136379558775}}