{"returned_dict": {"loss": 0.049355429009687056, "r2": 0.9605605709200987, "status": "ok", "start_time": 1688753788.5072691, "duration": 1.3636648654937744}, "current_params": {"N": 500, "iss": 0.9, "lr": 0.467901402332936, "ridge": 1e-07, "seed": 1234, "sr": 0.046727228044946535}}