{"returned_dict": {"loss": 0.042697261987729114, "r2": 0.9701876831905684, "status": "ok", "start_time": 1688755475.7095292, "duration": 1.4040257930755615}, "current_params": {"N": 500, "iss": 0.9, "lr": 0.4367736203806123, "ridge": 1e-07, "seed": 1234, "sr": 0.07285406401023505}}