{"returned_dict": {"loss": 0.0423233321679117, "r2": 0.9708243269818643, "status": "ok", "start_time": 1688755405.393193, "duration": 1.3590199947357178}, "current_params": {"N": 500, "iss": 0.9, "lr": 0.3662606306703129, "ridge": 1e-07, "seed": 1234, "sr": 0.08997710721434614}}