{"returned_dict": {"loss": 0.04133254991164285, "r2": 0.9724277004966103, "status": "ok", "start_time": 1688755427.487979, "duration": 1.374237060546875}, "current_params": {"N": 500, "iss": 0.9, "lr": 0.9489133937634464, "ridge": 1e-07, "seed": 1234, "sr": 0.01325458044830942}}