{"returned_dict": {"loss": 0.04940775705080527, "r2": 0.9605041037764844, "status": "ok", "start_time": 1688753191.107318, "duration": 1.6233601570129395}, "current_params": {"N": 500, "iss": 0.9, "lr": 0.4985792873346095, "ridge": 1e-07, "seed": 1234, "sr": 0.04328771757628486}}