{"returned_dict": {"loss": 0.045023337454491136, "r2": 0.9666374497029562, "status": "ok", "start_time": 1688755526.924227, "duration": 1.4130167961120605}, "current_params": {"N": 500, "iss": 0.9, "lr": 0.12183627042316367, "ridge": 1e-07, "seed": 1234, "sr": 0.30307947233137805}}