{"returned_dict": {"loss": 0.04733983762541916, "r2": 0.9639382056415218, "status": "ok", "start_time": 1688754699.76102, "duration": 1.4094691276550293}, "current_params": {"N": 500, "iss": 0.9, "lr": 0.06013171745318184, "ridge": 1e-07, "seed": 1234, "sr": 0.6672376898037002}}