{"returned_dict": {"loss": 0.042111964256623176, "r2": 0.9712540358350935, "status": "ok", "start_time": 1688755426.086139, "duration": 1.4000461101531982}, "current_params": {"N": 500, "iss": 0.9, "lr": 0.3193275230054054, "ridge": 1e-07, "seed": 1234, "sr": 0.1077789693700413}}