{"returned_dict": {"loss": 0.04455100033204471, "r2": 0.9676228476188227, "status": "ok", "start_time": 1688755488.298361, "duration": 1.3935067653656006}, "current_params": {"N": 500, "iss": 0.9, "lr": 0.0914851365421383, "ridge": 1e-07, "seed": 1234, "sr": 0.3951446287240592}}