{"returned_dict": {"loss": 0.04733983762541916, "r2": 0.9639382056415218, "status": "ok", "start_time": 1688755151.529282, "duration": 1.448686122894287}, "current_params": {"N": 500, "iss": 0.9, "lr": 0.06013171745318184, "ridge": 1e-07, "seed": 1234, "sr": 0.6672376898037002}}