{"returned_dict": {"loss": 0.0464320659661907, "r2": 0.965022061167454, "status": "ok", "start_time": 1688753758.009117, "duration": 1.432008981704712}, "current_params": {"N": 500, "iss": 0.9, "lr": 0.5214286704332638, "ridge": 1e-07, "seed": 1234, "sr": 0.04981749804245153}}