{"returned_dict": {"loss": 0.04268589580787104, "r2": 0.9705250408247581, "status": "ok", "start_time": 1688755296.660543, "duration": 1.3597280979156494}, "current_params": {"N": 500, "iss": 0.9, "lr": 0.07250316961973834, "ridge": 1e-07, "seed": 1234, "sr": 0.7451530769434451}}