{"returned_dict": {"loss": 0.04268308369093187, "r2": 0.9702873111151562, "status": "ok", "start_time": 1688755492.491623, "duration": 1.3857550621032715}, "current_params": {"N": 500, "iss": 0.9, "lr": 0.37889378400488194, "ridge": 1e-07, "seed": 1234, "sr": 0.08506724634788115}}