{"returned_dict": {"loss": 0.040927785365483915, "r2": 0.9729644788658524, "status": "ok", "start_time": 1688754587.424211, "duration": 1.3684930801391602}, "current_params": {"N": 500, "iss": 0.9, "lr": 0.9489133937634464, "ridge": 1e-07, "seed": 1234, "sr": 0.014438974945890222}}