{"returned_dict": {"loss": 0.041111661192460826, "r2": 0.9725719027042753, "status": "ok", "start_time": 1688754601.7263381, "duration": 1.4393699169158936}, "current_params": {"N": 500, "iss": 0.9, "lr": 0.7574590139415615, "ridge": 1e-07, "seed": 1234, "sr": 0.03524277949039688}}