{"returned_dict": {"loss": 0.0408185126042687, "r2": 0.972723967418533, "status": "ok", "start_time": 1688755496.6769211, "duration": 1.3879637718200684}, "current_params": {"N": 500, "iss": 0.9, "lr": 0.5195884549227741, "ridge": 1e-07, "seed": 1234, "sr": 0.06663703905895824}}