{"returned_dict": {"loss": 0.04403597958248386, "r2": 0.9684889910741311, "status": "ok", "start_time": 1688755326.6003761, "duration": 1.3516647815704346}, "current_params": {"N": 500, "iss": 0.9, "lr": 0.32990593409366, "ridge": 1e-07, "seed": 1234, "sr": 0.09435599735876395}}