{"returned_dict": {"loss": 0.04261811777692596, "r2": 0.9707104116550348, "status": "ok", "start_time": 1688755311.578709, "duration": 1.3571929931640625}, "current_params": {"N": 500, "iss": 0.9, "lr": 0.06675090446914045, "ridge": 1e-07, "seed": 1234, "sr": 0.6270562985135931}}