{"returned_dict": {"loss": 0.04067362687590157, "r2": 0.9731638100483666, "status": "ok", "start_time": 1688755174.688297, "duration": 1.3983290195465088}, "current_params": {"N": 500, "iss": 0.9, "lr": 0.6850520991863419, "ridge": 1e-07, "seed": 1234, "sr": 0.04406057753824492}}