{"returned_dict": {"loss": 0.05369692952764654, "r2": 0.952641683225961, "status": "ok", "start_time": 1688755358.733896, "duration": 1.3524808883666992}, "current_params": {"N": 500, "iss": 0.9, "lr": 0.08409864424316024, "ridge": 1e-07, "seed": 1234, "sr": 0.3519346656293048}}