{"returned_dict": {"loss": 0.05103488371831994, "r2": 0.9578992875344866, "status": "ok", "start_time": 1688754690.008022, "duration": 1.3849749565124512}, "current_params": {"N": 500, "iss": 0.9, "lr": 0.05768426240082132, "ridge": 1e-07, "seed": 1234, "sr": 0.5391304566113871}}