{"returned_dict": {"loss": 0.05487390360740601, "r2": 0.9513764532869832, "status": "ok", "start_time": 1688753286.837169, "duration": 1.6397430896759033}, "current_params": {"N": 500, "iss": 0.9, "lr": 0.8066803683138792, "ridge": 1e-07, "seed": 1234, "sr": 0.02045819673305219}}