{"returned_dict": {"loss": 0.052430951400949145, "r2": 0.9555783491132687, "status": "ok", "start_time": 1688755315.637793, "duration": 1.3994309902191162}, "current_params": {"N": 500, "iss": 0.9, "lr": 0.5214286704332638, "ridge": 1e-07, "seed": 1234, "sr": 0.034268800216360196}}