{"returned_dict": {"loss": 0.05281316116970023, "r2": 0.9548170260822954, "status": "ok", "start_time": 1688752994.651563, "duration": 1.6595780849456787}, "current_params": {"N": 500, "iss": 0.9, "lr": 0.35445799713354254, "ridge": 1e-07, "seed": 1234, "sr": 0.0544052294998603}}