{"returned_dict": {"loss": 0.055829062460880284, "r2": 0.9495523124512504, "status": "ok", "start_time": 1688754708.15309, "duration": 1.864288091659546}, "current_params": {"N": 500, "iss": 0.9, "lr": 0.2229557041536738, "ridge": 1e-07, "seed": 1234, "sr": 0.09835763510258089}}