{"returned_dict": {"loss": 0.05471641393820598, "r2": 0.9516336095827818, "status": "ok", "start_time": 1688755346.4647171, "duration": 1.3552699089050293}, "current_params": {"N": 500, "iss": 0.9, "lr": 0.467901402332936, "ridge": 1e-07, "seed": 1234, "sr": 0.03262623041471426}}