{"returned_dict": {"loss": 0.0572807419829899, "r2": 0.946995655893533, "status": "ok", "start_time": 1688753125.279161, "duration": 1.6873371601104736}, "current_params": {"N": 500, "iss": 0.9, "lr": 0.5368645947090773, "ridge": 1e-07, "seed": 1234, "sr": 0.026761175701104346}}