{"returned_dict": {"loss": 0.056446528522355356, "r2": 0.9480576863516461, "status": "ok", "start_time": 1688754482.85102, "duration": 1.3819239139556885}, "current_params": {"N": 500, "iss": 0.9, "lr": 0.1377633086163006, "ridge": 1e-07, "seed": 1234, "sr": 0.21977120274747475}}