{"returned_dict": {"loss": 0.055029652644964726, "r2": 0.9510755337219718, "status": "ok", "start_time": 1688755486.915576, "duration": 1.380903959274292}, "current_params": {"N": 500, "iss": 0.9, "lr": 0.4985792873346095, "ridge": 1e-07, "seed": 1234, "sr": 0.03076791577184524}}