{"returned_dict": {"loss": 0.051930841680958295, "r2": 0.9561151979501029, "status": "ok", "start_time": 1688753128.588625, "duration": 1.6209619045257568}, "current_params": {"N": 500, "iss": 0.9, "lr": 0.15693214219369533, "ridge": 1e-07, "seed": 1234, "sr": 0.20760447792478667}}