{"returned_dict": {"loss": 0.05060997211471593, "r2": 0.9585724334977678, "status": "ok", "start_time": 1688755562.2540228, "duration": 1.4817612171173096}, "current_params": {"N": 500, "iss": 0.9, "lr": 0.6850520991863419, "ridge": 1e-07, "seed": 1234, "sr": 0.03118838824562437}}