{"returned_dict": {"loss": 0.055829062460880284, "r2": 0.9495523124512504, "status": "ok", "start_time": 1688753263.564116, "duration": 1.6335499286651611}, "current_params": {"N": 500, "iss": 0.9, "lr": 0.2229557041536738, "ridge": 1e-07, "seed": 1234, "sr": 0.09835763510258089}}