{"returned_dict": {"loss": 0.05743964327658233, "r2": 0.9467449362868733, "status": "ok", "start_time": 1688755567.945728, "duration": 1.4145939350128174}, "current_params": {"N": 500, "iss": 0.9, "lr": 0.8066803683138792, "ridge": 1e-07, "seed": 1234, "sr": 0.017315632747195178}}