{"returned_dict": {"loss": 0.05198847154309035, "r2": 0.9562981271104197, "status": "ok", "start_time": 1688755441.369647, "duration": 1.424130916595459}, "current_params": {"N": 500, "iss": 0.9, "lr": 0.7574590139415615, "ridge": 1e-07, "seed": 1234, "sr": 0.026278966237107355}}