{"returned_dict": {"loss": 0.05776010918251092, "r2": 0.9461205767251135, "status": "ok", "start_time": 1688755321.142708, "duration": 1.3768219947814941}, "current_params": {"N": 500, "iss": 0.9, "lr": 0.35445799713354254, "ridge": 1e-07, "seed": 1234, "sr": 0.03666432815657268}}