{"returned_dict": {"loss": 0.06564868077536723, "r2": 0.930292975128507, "status": "ok", "start_time": 1688753905.039949, "duration": 1.3375871181488037}, "current_params": {"N": 500, "iss": 0.9, "lr": 0.17743219883537267, "ridge": 1e-07, "seed": 1234, "sr": 0.0925852425060542}}