{"returned_dict": {"loss": 0.06964226669118785, "r2": 0.9217266602447, "status": "ok", "start_time": 1688755465.654282, "duration": 1.4204699993133545}, "current_params": {"N": 500, "iss": 0.9, "lr": 0.5629225816283603, "ridge": 1e-07, "seed": 1234, "sr": 0.011925400888934394}}