{"returned_dict": {"loss": 0.06254565857043258, "r2": 0.9368316760361474, "status": "ok", "start_time": 1688755430.237887, "duration": 1.3712871074676514}, "current_params": {"N": 500, "iss": 0.9, "lr": 0.5368645947090773, "ridge": 1e-07, "seed": 1234, "sr": 0.02127652777685764}}