{"returned_dict": {"loss": 0.06956197689080178, "r2": 0.9218367598638931, "status": "ok", "start_time": 1688753914.60583, "duration": 1.3754000663757324}, "current_params": {"N": 500, "iss": 0.9, "lr": 0.2678160392452247, "ridge": 1e-07, "seed": 1234, "sr": 0.02786727306368867}}