{"returned_dict": {"loss": 0.06914631343000847, "r2": 0.9228367752738621, "status": "ok", "start_time": 1688755074.558392, "duration": 1.3750629425048828}, "current_params": {"N": 500, "iss": 0.9, "lr": 0.5629225816283603, "ridge": 1e-07, "seed": 1234, "sr": 0.012580639725311055}}