{"returned_dict": {"loss": 0.060302601885173036, "r2": 0.9411488164393315, "status": "ok", "start_time": 1688753823.537314, "duration": 1.792863130569458}, "current_params": {"N": 500, "iss": 0.9, "lr": 0.20483824868669812, "ridge": 1e-07, "seed": 1234, "sr": 0.09169361093299348}}