{"returned_dict": {"loss": 0.06447507830003685, "r2": 0.9328181254967501, "status": "ok", "start_time": 1688755548.208253, "duration": 1.4008781909942627}, "current_params": {"N": 500, "iss": 0.9, "lr": 0.2229557041536738, "ridge": 1e-07, "seed": 1234, "sr": 0.05774225263521144}}