{"returned_dict": {"loss": 0.0674100951673279, "r2": 0.9266422258218207, "status": "ok", "start_time": 1688755482.721528, "duration": 1.4004759788513184}, "current_params": {"N": 500, "iss": 0.9, "lr": 0.23878797952771857, "ridge": 1e-07, "seed": 1234, "sr": 0.03592924956565313}}