{"returned_dict": {"loss": 0.06903320463147575, "r2": 0.9227369865060927, "status": "ok", "start_time": 1688754528.34897, "duration": 1.3689641952514648}, "current_params": {"N": 500, "iss": 0.9, "lr": 0.10803678961379123, "ridge": 1e-07, "seed": 1234, "sr": 0.21210441974152222}}