{"returned_dict": {"loss": 0.06349774245134675, "r2": 0.934854892611459, "status": "ok", "start_time": 1688753186.208469, "duration": 1.6279911994934082}, "current_params": {"N": 500, "iss": 0.9, "lr": 0.23878797952771857, "ridge": 1e-07, "seed": 1234, "sr": 0.05298748174805132}}