{"returned_dict": {"loss": 0.067774995129183, "r2": 0.9258471527312571, "status": "ok", "start_time": 1688754994.680767, "duration": 1.3516769409179688}, "current_params": {"N": 500, "iss": 0.9, "lr": 0.22465784634152092, "ridge": 1e-07, "seed": 1234, "sr": 0.040499596183843}}