{"returned_dict": {"loss": 0.06766796677147428, "r2": 0.9260423755386991, "status": "ok", "start_time": 1688755380.55252, "duration": 1.477658987045288}, "current_params": {"N": 500, "iss": 0.9, "lr": 0.20483824868669812, "ridge": 1e-07, "seed": 1234, "sr": 0.05471717828414795}}