{"returned_dict": {"loss": 0.06458472198151209, "r2": 0.9326773311702262, "status": "ok", "start_time": 1688754673.2302852, "duration": 1.4097967147827148}, "current_params": {"N": 500, "iss": 0.9, "lr": 0.6020967616647952, "ridge": 1e-07, "seed": 1234, "sr": 0.016223651162329426}}