{"returned_dict": {"loss": 0.06577381251910311, "r2": 0.9301788903493059, "status": "ok", "start_time": 1688755512.2573812, "duration": 1.382950782775879}, "current_params": {"N": 500, "iss": 0.9, "lr": 0.6020967616647952, "ridge": 1e-07, "seed": 1234, "sr": 0.01449392724975577}}