{"returned_dict": {"loss": 0.06873335267690366, "r2": 0.923624298975287, "status": "ok", "start_time": 1688755432.978262, "duration": 1.3772850036621094}, "current_params": {"N": 500, "iss": 0.9, "lr": 0.15693214219369533, "ridge": 1e-07, "seed": 1234, "sr": 0.10240796408060314}}