{"returned_dict": {"loss": 0.07196539439048476, "r2": 0.9160914391393696, "status": "ok", "start_time": 1688753135.1345139, "duration": 1.6262929439544678}, "current_params": {"N": 500, "iss": 0.9, "lr": 0.10015288691890604, "ridge": 1e-07, "seed": 1234, "sr": 0.21354604962375795}}