{"returned_dict": {"loss": 0.07885490090901527, "r2": 0.8996464270896306, "status": "ok", "start_time": 1688754666.187778, "duration": 1.3916599750518799}, "current_params": {"N": 500, "iss": 0.9, "lr": 0.45387657183976754, "ridge": 1e-07, "seed": 1234, "sr": 0.011423076308344373}}