{"returned_dict": {"loss": 0.07440426503455179, "r2": 0.9105760284088099, "status": "ok", "start_time": 1688752984.6874309, "duration": 1.647745132446289}, "current_params": {"N": 500, "iss": 0.9, "lr": 0.15492403550483738, "ridge": 1e-07, "seed": 1234, "sr": 0.07071032186253305}}