{"returned_dict": {"loss": 0.07177640079992052, "r2": 0.9167270892391263, "status": "ok", "start_time": 1688753266.872811, "duration": 1.643683910369873}, "current_params": {"N": 500, "iss": 0.9, "lr": 0.15674372534107026, "ridge": 1e-07, "seed": 1234, "sr": 0.08438326345409637}}