{"returned_dict": {"loss": 0.07679271652775027, "r2": 0.904812647715048, "status": "ok", "start_time": 1688753921.442838, "duration": 1.3635730743408203}, "current_params": {"N": 500, "iss": 0.9, "lr": 0.1703557235664027, "ridge": 1e-07, "seed": 1234, "sr": 0.03600276409094316}}