{"returned_dict": {"loss": 0.07209377990714329, "r2": 0.9160785207525787, "status": "ok", "start_time": 1688755462.403434, "duration": 1.8087968826293945}, "current_params": {"N": 500, "iss": 0.9, "lr": 0.17743219883537267, "ridge": 1e-07, "seed": 1234, "sr": 0.055124822036861226}}