{"returned_dict": {"loss": 0.07297683012750465, "r2": 0.9139347503970067, "status": "ok", "start_time": 1688755322.521039, "duration": 1.3502259254455566}, "current_params": {"N": 500, "iss": 0.9, "lr": 0.1377633086163006, "ridge": 1e-07, "seed": 1234, "sr": 0.10698059520383917}}