{"returned_dict": {"loss": 0.079501369082631, "r2": 0.8978189303768663, "status": "ok", "start_time": 1688755472.7519948, "duration": 1.390364170074463}, "current_params": {"N": 500, "iss": 0.9, "lr": 0.2678160392452247, "ridge": 1e-07, "seed": 1234, "sr": 0.02194784635166091}}