{"returned_dict": {"loss": 0.07923463329101162, "r2": 0.898678296774131, "status": "ok", "start_time": 1688755505.2956958, "duration": 1.3847711086273193}, "current_params": {"N": 500, "iss": 0.9, "lr": 0.45387657183976754, "ridge": 1e-07, "seed": 1234, "sr": 0.011074399812970792}}