{"returned_dict": {"loss": 0.07616059771439115, "r2": 0.8818875126005293, "status": "ok", "start_time": 1688755477.116107, "duration": 1.3965067863464355}, "current_params": {"N": 500, "iss": 0.9, "lr": 0.6811753255192898, "ridge": 1e-07, "seed": 1234, "sr": 1.6049007455768418}}