{"returned_dict": {"loss": 0.07667282599108799, "r2": 0.9051072237875228, "status": "ok", "start_time": 1688755551.017656, "duration": 1.3940229415893555}, "current_params": {"N": 500, "iss": 0.9, "lr": 0.15674372534107026, "ridge": 1e-07, "seed": 1234, "sr": 0.051339053380901487}}