{"returned_dict": {"loss": 0.07790425705415926, "r2": 0.9020435270657062, "status": "ok", "start_time": 1688755312.937354, "duration": 1.3492419719696045}, "current_params": {"N": 500, "iss": 0.9, "lr": 0.15492403550483738, "ridge": 1e-07, "seed": 1234, "sr": 0.0448292849815314}}