{"returned_dict": {"loss": 0.07281295479904863, "r2": 0.914380433233355, "status": "ok", "start_time": 1688755386.1696792, "duration": 1.3825206756591797}, "current_params": {"N": 500, "iss": 0.9, "lr": 0.22465784634152092, "ridge": 1e-07, "seed": 1234, "sr": 0.029236188620260253}}