{"returned_dict": {"loss": 0.08630987060379271, "r2": 0.8795469322807952, "status": "ok", "start_time": 1688754493.8739169, "duration": 1.3543622493743896}, "current_params": {"N": 500, "iss": 0.9, "lr": 0.1953924842255817, "ridge": 1e-07, "seed": 1234, "sr": 0.02348225301745763}}