{"returned_dict": {"loss": 0.08851866437893856, "r2": 0.8734779978423878, "status": "ok", "start_time": 1688753102.164282, "duration": 1.7336468696594238}, "current_params": {"N": 500, "iss": 0.9, "lr": 0.07201346307149097, "ridge": 1e-07, "seed": 1234, "sr": 0.19935467732696535}}