{"returned_dict": {"loss": 0.08950118861663851, "r2": 0.8704003030837578, "status": "ok", "start_time": 1688755539.5826051, "duration": 1.4520769119262695}, "current_params": {"N": 500, "iss": 0.9, "lr": 0.06013171745318184, "ridge": 1e-07, "seed": 1234, "sr": 0.25075028619403034}}