{"returned_dict": {"loss": 0.08298797413686637, "r2": 0.8887699255723095, "status": "ok", "start_time": 1688755368.294713, "duration": 1.3624379634857178}, "current_params": {"N": 500, "iss": 0.9, "lr": 0.10803678961379123, "ridge": 1e-07, "seed": 1234, "sr": 0.10410627262812046}}