{"returned_dict": {"loss": 0.08586975507133993, "r2": 0.8809669526677132, "status": "ok", "start_time": 1688755053.701271, "duration": 1.36655592918396}, "current_params": {"N": 500, "iss": 0.9, "lr": 0.35672095572571455, "ridge": 1e-07, "seed": 1234, "sr": 0.014411455273543402}}