{"returned_dict": {"loss": 0.08637658491053056, "r2": 0.8795588327997946, "status": "ok", "start_time": 1688755415.0572312, "duration": 1.3863937854766846}, "current_params": {"N": 500, "iss": 0.9, "lr": 0.35466620466692017, "ridge": 1e-07, "seed": 1234, "sr": 0.014291445952719585}}