{"returned_dict": {"loss": 0.08617548454401734, "r2": 0.880087277518634, "status": "ok", "start_time": 1688755438.5378969, "duration": 1.4230380058288574}, "current_params": {"N": 500, "iss": 0.9, "lr": 0.10015288691890604, "ridge": 1e-07, "seed": 1234, "sr": 0.10464857178698114}}