{"returned_dict": {"loss": 0.08805712284338556, "r2": 0.8748397343132784, "status": "ok", "start_time": 1688755444.181431, "duration": 1.3621599674224854}, "current_params": {"N": 500, "iss": 0.9, "lr": 0.35672095572571455, "ridge": 1e-07, "seed": 1234, "sr": 0.013235199706379224}}