{"returned_dict": {"loss": 0.08451045114752108, "r2": 0.8845986817797494, "status": "ok", "start_time": 1688755479.911226, "duration": 1.397947072982788}, "current_params": {"N": 500, "iss": 0.9, "lr": 0.1703557235664027, "ridge": 1e-07, "seed": 1234, "sr": 0.026712538153634356}}