{"returned_dict": {"loss": 0.08316265543152795, "r2": 0.8883304961982464, "status": "ok", "start_time": 1688753858.5616388, "duration": 1.374068021774292}, "current_params": {"N": 500, "iss": 0.9, "lr": 0.35466620466692017, "ridge": 1e-07, "seed": 1234, "sr": 0.015928787718820343}}