{"returned_dict": {"loss": 0.09017938656236135, "r2": 0.8686791887894549, "status": "ok", "start_time": 1688754465.909107, "duration": 1.367300033569336}, "current_params": {"N": 500, "iss": 0.9, "lr": 0.3092209407645961, "ridge": 1e-07, "seed": 1234, "sr": 0.015590519612759524}}