{"returned_dict": {"loss": 0.0938301713209699, "r2": 0.8578672879693411, "status": "ok", "start_time": 1688755306.168373, "duration": 1.3509900569915771}, "current_params": {"N": 500, "iss": 0.9, "lr": 0.3092209407645961, "ridge": 1e-07, "seed": 1234, "sr": 0.014058079688761039}}