{"returned_dict": {"loss": 0.09988289945177642, "r2": 0.8386472482298492, "status": "ok", "start_time": 1688755333.369417, "duration": 1.985774040222168}, "current_params": {"N": 500, "iss": 0.9, "lr": 0.1953924842255817, "ridge": 1e-07, "seed": 1234, "sr": 0.019246913975603828}}