{"returned_dict": {"loss": 0.09447099859441993, "r2": 0.8558545185914389, "status": "ok", "start_time": 1688753046.095754, "duration": 1.6343541145324707}, "current_params": {"N": 500, "iss": 0.9, "lr": 0.060247959530763395, "ridge": 1e-07, "seed": 1234, "sr": 0.22833541526599072}}