{"returned_dict": {"loss": 0.09017938656236135, "r2": 0.8686791887894549, "status": "ok", "start_time": 1688753748.346532, "duration": 1.3751718997955322}, "current_params": {"N": 500, "iss": 0.9, "lr": 0.3092209407645961, "ridge": 1e-07, "seed": 1234, "sr": 0.015590519612759524}}