{"returned_dict": {"loss": 0.10434174433802679, "r2": 0.8238400676676529, "status": "ok", "start_time": 1688753223.8129861, "duration": 3.191577911376953}, "current_params": {"N": 500, "iss": 0.9, "lr": 0.1583702239951588, "ridge": 1e-07, "seed": 1234, "sr": 0.020788245498133077}}