{"returned_dict": {"loss": 0.10758737033067241, "r2": 0.8134320012030805, "status": "ok", "start_time": 1688755410.9228969, "duration": 1.3756799697875977}, "current_params": {"N": 500, "iss": 0.9, "lr": 0.07201346307149097, "ridge": 1e-07, "seed": 1234, "sr": 0.09927193014480501}}