{"returned_dict": {"loss": 0.10034474279927251, "r2": 0.8374943030002621, "status": "ok", "start_time": 1688755529.7315578, "duration": 1.4414091110229492}, "current_params": {"N": 500, "iss": 0.9, "lr": 0.05768426240082132, "ridge": 1e-07, "seed": 1234, "sr": 0.2129249285661064}}