{"returned_dict": {"loss": 0.11831851787996134, "r2": 0.7153589963483986, "status": "ok", "start_time": 1688753278.3967612, "duration": 1.6170549392700195}, "current_params": {"N": 500, "iss": 0.9, "lr": 0.18446995638748817, "ridge": 1e-07, "seed": 1234, "sr": 1.367163082884632}}