{"returned_dict": {"loss": 0.11427940751367456, "r2": 0.7892201989283655, "status": "ok", "start_time": 1688755402.668334, "duration": 1.3584239482879639}, "current_params": {"N": 500, "iss": 0.9, "lr": 0.2538684770646217, "ridge": 1e-07, "seed": 1234, "sr": 0.010614079170060181}}