{"returned_dict": {"loss": 0.11099681656459975, "r2": 0.8011497475628686, "status": "ok", "start_time": 1688753026.291617, "duration": 1.6293880939483643}, "current_params": {"N": 500, "iss": 0.9, "lr": 0.057481540127628225, "ridge": 1e-07, "seed": 1234, "sr": 0.14848409471568397}}