{"returned_dict": {"loss": 0.11115739584364864, "r2": 0.8006721153773136, "status": "ok", "start_time": 1688755150.123583, "duration": 1.403998851776123}, "current_params": {"N": 500, "iss": 0.9, "lr": 0.05979777023560263, "ridge": 1e-07, "seed": 1234, "sr": 0.1378790157061615}}