{"returned_dict": {"loss": 0.11380620616160529, "r2": 0.7909600619084346, "status": "ok", "start_time": 1688753846.224035, "duration": 1.3528010845184326}, "current_params": {"N": 500, "iss": 0.9, "lr": 0.2538684770646217, "ridge": 1e-07, "seed": 1234, "sr": 0.0108079776956026}}