{"returned_dict": {"loss": 0.11681263593411499, "r2": 0.7801824814121433, "status": "ok", "start_time": 1688753740.1356359, "duration": 1.374251127243042}, "current_params": {"N": 500, "iss": 0.9, "lr": 0.06679554327816328, "ridge": 1e-07, "seed": 1234, "sr": 0.07966435869333038}}