{"returned_dict": {"loss": 0.11380620616160529, "r2": 0.7909600619084346, "status": "ok", "start_time": 1688753092.298578, "duration": 1.6457891464233398}, "current_params": {"N": 500, "iss": 0.9, "lr": 0.2538684770646217, "ridge": 1e-07, "seed": 1234, "sr": 0.0108079776956026}}