{"returned_dict": {"loss": 0.11949927033426704, "r2": 0.7700932747880893, "status": "ok", "start_time": 1688755364.179532, "duration": 1.3492658138275146}, "current_params": {"N": 500, "iss": 0.9, "lr": 0.060247959530763395, "ridge": 1e-07, "seed": 1234, "sr": 0.11016389609855753}}