{"returned_dict": {"loss": 0.11916536919465776, "r2": 0.7703868764211906, "status": "ok", "start_time": 1688755515.0407832, "duration": 1.3962030410766602}, "current_params": {"N": 500, "iss": 0.9, "lr": 0.1583702239951588, "ridge": 1e-07, "seed": 1234, "sr": 0.01752949717195784}}