{"returned_dict": {"loss": 0.12722257902761294, "r2": 0.7387607797032573, "status": "ok", "start_time": 1688755510.871938, "duration": 1.3827378749847412}, "current_params": {"N": 500, "iss": 0.9, "lr": 0.2085487244177046, "ridge": 1e-07, "seed": 1234, "sr": 0.011061193282092317}}