{"returned_dict": {"loss": 0.12573442760986153, "r2": 0.7455918512190629, "status": "ok", "start_time": 1688755538.19228, "duration": 1.3882818222045898}, "current_params": {"N": 500, "iss": 0.9, "lr": 0.05979777023560263, "ridge": 1e-07, "seed": 1234, "sr": 0.0748180686407177}}