{"returned_dict": {"loss": 0.12705326740455808, "r2": 0.7690645189440094, "status": "ok", "start_time": 1688755439.963511, "duration": 1.4035179615020752}, "current_params": {"N": 500, "iss": 0.9, "lr": 0.03353770330253128, "ridge": 1e-07, "seed": 1234, "sr": 0.6085447468279758}}