{"returned_dict": {"loss": 0.12008460013346245, "r2": 0.7667990403660941, "status": "ok", "start_time": 1688754945.5185258, "duration": 1.345041275024414}, "current_params": {"N": 500, "iss": 0.9, "lr": 0.09201201301388376, "ridge": 1e-07, "seed": 1234, "sr": 0.027458137949129522}}