{"returned_dict": {"loss": 0.12831664978552035, "r2": 0.735204540421496, "status": "ok", "start_time": 1688755347.821491, "duration": 1.3679559230804443}, "current_params": {"N": 500, "iss": 0.9, "lr": 0.057481540127628225, "ridge": 1e-07, "seed": 1234, "sr": 0.07919362552157379}}