{"returned_dict": {"loss": 0.12138192436712458, "r2": 0.7623648996341617, "status": "ok", "start_time": 1688755298.0225012, "duration": 1.383849859237671}, "current_params": {"N": 500, "iss": 0.9, "lr": 0.06679554327816328, "ridge": 1e-07, "seed": 1234, "sr": 0.049122283667603205}}