{"returned_dict": {"loss": 0.12525255115895592, "r2": 0.7461529232333263, "status": "ok", "start_time": 1688753890.0388658, "duration": 1.35402512550354}, "current_params": {"N": 500, "iss": 0.9, "lr": 0.12536865035721087, "ridge": 1e-07, "seed": 1234, "sr": 0.0196970287356267}}