{"returned_dict": {"loss": 0.1261347841762398, "r2": 0.7432015898755776, "status": "ok", "start_time": 1688754671.82352, "duration": 1.4051752090454102}, "current_params": {"N": 500, "iss": 0.9, "lr": 0.2085487244177046, "ridge": 1e-07, "seed": 1234, "sr": 0.011405319213458769}}