{"returned_dict": {"loss": 0.13024484959952803, "r2": 0.5088176574765324, "status": "ok", "start_time": 1688755401.2980108, "duration": 1.3687033653259277}, "current_params": {"N": 500, "iss": 0.9, "lr": 0.3314434048357353, "ridge": 1e-07, "seed": 1234, "sr": 1.4934970309918365}}