{"returned_dict": {"loss": 0.13865736417985444, "r2": 0.6896696185474095, "status": "ok", "start_time": 1688753019.715575, "duration": 1.6497039794921875}, "current_params": {"N": 500, "iss": 0.9, "lr": 0.173912913814763, "ridge": 1e-07, "seed": 1234, "sr": 0.011739026780685318}}