{"returned_dict": {"loss": 0.14491092713710443, "r2": 0.660226175141737, "status": "ok", "start_time": 1688755336.863331, "duration": 1.3602089881896973}, "current_params": {"N": 500, "iss": 0.9, "lr": 0.09201201301388376, "ridge": 1e-07, "seed": 1234, "sr": 0.021700268447826285}}