{"returned_dict": {"loss": 0.14026468296369077, "r2": 0.6824479616739249, "status": "ok", "start_time": 1688755342.332905, "duration": 1.3887410163879395}, "current_params": {"N": 500, "iss": 0.9, "lr": 0.173912913814763, "ridge": 1e-07, "seed": 1234, "sr": 0.011308591383101928}}