{"returned_dict": {"loss": 0.1409797364715618, "r2": 0.6787417138067905, "status": "ok", "start_time": 1688755446.974585, "duration": 1.3808379173278809}, "current_params": {"N": 500, "iss": 0.9, "lr": 0.12536865035721087, "ridge": 1e-07, "seed": 1234, "sr": 0.016819314626272185}}