{"returned_dict": {"loss": 0.15093294569747695, "r2": 0.6321808406949581, "status": "ok", "start_time": 1688753880.338971, "duration": 1.3482460975646973}, "current_params": {"N": 500, "iss": 0.9, "lr": 0.05729573294171989, "ridge": 1e-07, "seed": 1234, "sr": 0.03414048410383786}}