{"returned_dict": {"loss": 0.1500276236746923, "r2": 0.6391760985643434, "status": "ok", "start_time": 1688755555.216079, "duration": 1.3991429805755615}, "current_params": {"N": 500, "iss": 0.9, "lr": 0.031315298214446584, "ridge": 1e-07, "seed": 1234, "sr": 0.22378918363501638}}