{"returned_dict": {"loss": 0.16175008440656902, "r2": 0.5812499136590232, "status": "ok", "start_time": 1688755033.067251, "duration": 1.37953519821167}, "current_params": {"N": 500, "iss": 0.9, "lr": 0.03227681862698132, "ridge": 1e-07, "seed": 1234, "sr": 0.13048071254874868}}