{"returned_dict": {"loss": 0.16539050370297828, "r2": 0.5629873396764554, "status": "ok", "start_time": 1688755423.3303528, "duration": 1.3852202892303467}, "current_params": {"N": 500, "iss": 0.9, "lr": 0.03227681862698132, "ridge": 1e-07, "seed": 1234, "sr": 0.07171915781189935}}