{"returned_dict": {"loss": 0.17811066217328952, "r2": 0.5139156206272545, "status": "ok", "start_time": 1688755345.0791621, "duration": 1.3840336799621582}, "current_params": {"N": 500, "iss": 0.9, "lr": 0.021490140480106088, "ridge": 1e-07, "seed": 1234, "sr": 0.28375123299706523}}