{"returned_dict": {"loss": 0.17121962146501923, "r2": 0.5341544420589807, "status": "ok", "start_time": 1688754468.6399958, "duration": 1.383791208267212}, "current_params": {"N": 500, "iss": 0.9, "lr": 0.027648495633442953, "ridge": 1e-07, "seed": 1234, "sr": 0.09442721440119983}}