{"returned_dict": {"loss": 0.17562812618472443, "r2": 0.5148179666791367, "status": "ok", "start_time": 1688753885.900321, "duration": 1.3554911613464355}, "current_params": {"N": 500, "iss": 0.9, "lr": 0.020195420899796784, "ridge": 1e-07, "seed": 1234, "sr": 0.3157133897830133}}