{"returned_dict": {"loss": 0.18783199957695984, "r2": 0.43023134053341777, "status": "ok", "start_time": 1688755012.469763, "duration": 1.3543617725372314}, "current_params": {"N": 500, "iss": 0.9, "lr": 0.054169337705025376, "ridge": 1e-07, "seed": 1234, "sr": 0.02572013644212619}}