{"returned_dict": {"loss": 0.18256170142814668, "r2": 0.6045340102767918, "status": "ok", "start_time": 1688755167.674048, "duration": 1.3971750736236572}, "current_params": {"N": 500, "iss": 0.9, "lr": 0.031315298214446584, "ridge": 1e-07, "seed": 1234, "sr": 0.575269795679041}}