{"returned_dict": {"loss": 0.18173565949268575, "r2": 0.46642027779847606, "status": "ok", "start_time": 1688755437.12484, "duration": 1.4103889465332031}, "current_params": {"N": 500, "iss": 0.9, "lr": 0.05729573294171989, "ridge": 1e-07, "seed": 1234, "sr": 0.02564620873405983}}