{"returned_dict": {"loss": 0.18880634004122795, "r2": 0.4242591667942686, "status": "ok", "start_time": 1688753258.627349, "duration": 1.6337013244628906}, "current_params": {"N": 500, "iss": 0.9, "lr": 0.07548680318122612, "ridge": 1e-07, "seed": 1234, "sr": 0.01769587598402526}}