{"returned_dict": {"loss": 0.1853724302906724, "r2": 0.45078551319989785, "status": "ok", "start_time": 1688755308.8692532, "duration": 1.3491168022155762}, "current_params": {"N": 500, "iss": 0.9, "lr": 0.027648495633442953, "ridge": 1e-07, "seed": 1234, "sr": 0.05596406924116789}}