{"returned_dict": {"loss": 0.19093517334781604, "r2": 0.4630727573766725, "status": "ok", "start_time": 1688755546.7963111, "duration": 1.4099369049072266}, "current_params": {"N": 500, "iss": 0.9, "lr": 0.0201763660586179, "ridge": 1e-07, "seed": 1234, "sr": 0.2693057795446473}}