{"returned_dict": {"loss": 0.19829982929020465, "r2": 0.365171048233279, "status": "ok", "start_time": 1688755543.991162, "duration": 1.3986420631408691}, "current_params": {"N": 500, "iss": 0.9, "lr": 0.07548680318122612, "ridge": 1e-07, "seed": 1234, "sr": 0.01549245891131661}}