{"returned_dict": {"loss": 0.20400874810265776, "r2": 0.5449664346487788, "status": "ok", "start_time": 1688755499.596637, "duration": 1.4086828231811523}, "current_params": {"N": 500, "iss": 0.9, "lr": 0.043542816329557914, "ridge": 1e-07, "seed": 1234, "sr": 0.8306658594207269}}