{"returned_dict": {"loss": 0.208210100641683, "r2": 0.3003260698699361, "status": "ok", "start_time": 1688755404.028362, "duration": 1.3630881309509277}, "current_params": {"N": 500, "iss": 0.9, "lr": 0.054169337705025376, "ridge": 1e-07, "seed": 1234, "sr": 0.020638764655503225}}