{"returned_dict": {"loss": 0.20792171004871238, "r2": 0.36893227834446085, "status": "ok", "start_time": 1688753283.2861671, "duration": 1.9063348770141602}, "current_params": {"N": 500, "iss": 0.9, "lr": 0.01723516935753251, "ridge": 1e-07, "seed": 1234, "sr": 0.08930926502440488}}