{"returned_dict": {"loss": 0.2095593547151652, "r2": 0.32781163371388283, "status": "ok", "start_time": 1688754573.7705002, "duration": 1.3545646667480469}, "current_params": {"N": 500, "iss": 0.9, "lr": 0.017842200331087264, "ridge": 1e-07, "seed": 1234, "sr": 0.07326940168674866}}