{"returned_dict": {"loss": 0.2196090477048225, "r2": 0.3023976732106359, "status": "ok", "start_time": 1688755542.570143, "duration": 1.419053077697754}, "current_params": {"N": 500, "iss": 0.9, "lr": 0.015577684928036531, "ridge": 1e-07, "seed": 1234, "sr": 0.27449667729681954}}