{"returned_dict": {"loss": 0.21613544373083307, "r2": 0.38824503798421267, "status": "ok", "start_time": 1688755442.7955992, "duration": 1.3840336799621582}, "current_params": {"N": 500, "iss": 0.9, "lr": 0.020195420899796784, "ridge": 1e-07, "seed": 1234, "sr": 0.14124488283466835}}