{"returned_dict": {"loss": 0.22999259982020023, "r2": 0.16411701573916557, "status": "ok", "start_time": 1688755565.149129, "duration": 1.400198221206665}, "current_params": {"N": 500, "iss": 0.9, "lr": 0.01723516935753251, "ridge": 1e-07, "seed": 1234, "sr": 0.05362250950195235}}