{"returned_dict": {"loss": 0.2391303782577574, "r2": 0.07791258544397683, "status": "ok", "start_time": 1688755361.454518, "duration": 1.355780839920044}, "current_params": {"N": 500, "iss": 0.9, "lr": 0.0329584913173178, "ridge": 1e-07, "seed": 1234, "sr": 0.01702144049580029}}