{"returned_dict": {"loss": 0.23569206807380172, "r2": 0.1041127854742138, "status": "ok", "start_time": 1688755371.009608, "duration": 1.3487889766693115}, "current_params": {"N": 500, "iss": 0.9, "lr": 0.039950389623756244, "ridge": 1e-07, "seed": 1234, "sr": 0.014995438741025907}}