{"returned_dict": {"loss": 0.23382591013425214, "r2": 0.11827717995009812, "status": "ok", "start_time": 1688753813.3234391, "duration": 1.3513600826263428}, "current_params": {"N": 500, "iss": 0.9, "lr": 0.039950389623756244, "ridge": 1e-07, "seed": 1234, "sr": 0.01695935124689556}}