{"returned_dict": {"loss": 0.23679535898327586, "r2": 0.0959255717231724, "status": "ok", "start_time": 1688753803.628329, "duration": 1.3587229251861572}, "current_params": {"N": 500, "iss": 0.9, "lr": 0.0329584913173178, "ridge": 1e-07, "seed": 1234, "sr": 0.020006202812672045}}