{"returned_dict": {"loss": 0.2344508769165038, "r2": 0.12097997200309267, "status": "ok", "start_time": 1688755413.679729, "duration": 1.3757538795471191}, "current_params": {"N": 500, "iss": 0.9, "lr": 0.017842200331087264, "ridge": 1e-07, "seed": 1234, "sr": 0.046068525991892054}}