{"returned_dict": {"loss": 0.24589471292841583, "r2": 0.024949449782207405, "status": "ok", "start_time": 1688755387.553917, "duration": 1.3571810722351074}, "current_params": {"N": 500, "iss": 0.9, "lr": 0.021499031132021465, "ridge": 1e-07, "seed": 1234, "sr": 0.01047149309139524}}