{"returned_dict": {"loss": 0.24733831298670306, "r2": 0.012802289351393936, "status": "ok", "start_time": 1688755485.512768, "duration": 1.40081787109375}, "current_params": {"N": 500, "iss": 0.9, "lr": 0.01457951108555609, "ridge": 1e-07, "seed": 1234, "sr": 0.021326958167649568}}