{"returned_dict": {"loss": 0.24798655456477628, "r2": 0.007557456590066051, "status": "ok", "start_time": 1688753222.1420631, "duration": 1.669111728668213}, "current_params": {"N": 500, "iss": 0.9, "lr": 0.010792320963354871, "ridge": 1e-07, "seed": 1234, "sr": 0.030264242037118992}}