{"returned_dict": {"loss": 0.24961702092259086, "r2": 4.6293469623629825e-05, "status": "ok", "start_time": 1688755481.311008, "duration": 1.4086799621582031}, "current_params": {"N": 500, "iss": 0.9, "lr": 0.008152510284277657, "ridge": 1e-07, "seed": 1234, "sr": 0.02092850466101397}}