{"returned_dict": {"loss": 0.24955886196858448, "r2": 0.0004255875423215076, "status": "ok", "start_time": 1688754640.8186948, "duration": 1.4009621143341064}, "current_params": {"N": 500, "iss": 0.9, "lr": 0.008152510284277657, "ridge": 1e-07, "seed": 1234, "sr": 0.026191894186955052}}