{"returned_dict": {"loss": 0.247970206824778, "r2": 0.0077309040640036, "status": "ok", "start_time": 1688755563.737934, "duration": 1.4092049598693848}, "current_params": {"N": 500, "iss": 0.9, "lr": 0.013028269821287615, "ridge": 1e-07, "seed": 1234, "sr": 0.012695100144036022}}