{"returned_dict": {"loss": 0.24817956875746425, "r2": 0.006098572889478349, "status": "ok", "start_time": 1688753037.696762, "duration": 1.6190800666809082}, "current_params": {"N": 500, "iss": 0.9, "lr": 0.011499726306602578, "ridge": 1e-07, "seed": 1234, "sr": 0.020489195252075855}}