{"returned_dict": {"loss": 0.24823074021139102, "r2": 0.005669344269567149, "status": "ok", "start_time": 1688755357.384354, "duration": 1.3480329513549805}, "current_params": {"N": 500, "iss": 0.9, "lr": 0.011499726306602578, "ridge": 1e-07, "seed": 1234, "sr": 0.017335753135968333}}