{"returned_dict": {"loss": 0.24684955686955581, "r2": 0.01682354474989156, "status": "ok", "start_time": 1688753927.122085, "duration": 1.3685219287872314}, "current_params": {"N": 500, "iss": 0.9, "lr": 0.01457951108555609, "ridge": 1e-07, "seed": 1234, "sr": 0.02684390359598015}}