{"returned_dict": {"loss": 0.2458855319760805, "r2": 0.02500681136888072, "status": "ok", "start_time": 1688754996.037461, "duration": 1.3696000576019287}, "current_params": {"N": 500, "iss": 0.9, "lr": 0.021499031132021465, "ridge": 1e-07, "seed": 1234, "sr": 0.01061907053409471}}