{"returned_dict": {"loss": 0.2418306858532242, "r2": 0.05693949523996863, "status": "ok", "start_time": 1688755553.814097, "duration": 1.400015115737915}, "current_params": {"N": 500, "iss": 0.9, "lr": 0.031709557696495, "ridge": 1e-07, "seed": 1234, "sr": 0.011691857812787363}}