{"returned_dict": {"loss": 0.24420888903324775, "r2": 0.038206086762584, "status": "ok", "start_time": 1688755314.288089, "duration": 1.3482508659362793}, "current_params": {"N": 500, "iss": 0.9, "lr": 0.025202620361693902, "ridge": 1e-07, "seed": 1234, "sr": 0.01429361795847604}}