{"returned_dict": {"loss": 0.24734482269660316, "r2": 0.012925421965366243, "status": "ok", "start_time": 1688755559.432582, "duration": 1.3954060077667236}, "current_params": {"N": 500, "iss": 0.9, "lr": 0.015872813072111937, "ridge": 1e-07, "seed": 1234, "sr": 0.013037929964767997}}