{"returned_dict": {"loss": 0.24795588561671944, "r2": 0.007813478396072085, "status": "ok", "start_time": 1688753281.643497, "duration": 1.640744924545288}, "current_params": {"N": 500, "iss": 0.9, "lr": 0.013028269821287615, "ridge": 1e-07, "seed": 1234, "sr": 0.013649509767262393}}