{"returned_dict": {"loss": 0.2417111519066666, "r2": 0.057864338543866224, "status": "ok", "start_time": 1688753994.845612, "duration": 1.3908429145812988}, "current_params": {"N": 500, "iss": 0.9, "lr": 0.031709557696495, "ridge": 1e-07, "seed": 1234, "sr": 0.012260384608014823}}