{"returned_dict": {"loss": 0.24829591493573375, "r2": 0.005350853894237802, "status": "ok", "start_time": 1688755513.642839, "duration": 1.3960421085357666}, "current_params": {"N": 500, "iss": 0.9, "lr": 0.010792320963354871, "ridge": 1e-07, "seed": 1234, "sr": 0.023381801346453988}}