{"returned_dict": {"loss": 0.24731168980788368, "r2": 0.013147704975896716, "status": "ok", "start_time": 1688754719.8982332, "duration": 1.3815999031066895}, "current_params": {"N": 500, "iss": 0.9, "lr": 0.015872813072111937, "ridge": 1e-07, "seed": 1234, "sr": 0.014132040674737733}}