{"returned_dict": {"loss": 0.24391345467871062, "r2": 0.040528858045375614, "status": "ok", "start_time": 1688752986.33641, "duration": 1.6523950099945068}, "current_params": {"N": 500, "iss": 0.9, "lr": 0.025202620361693902, "ridge": 1e-07, "seed": 1234, "sr": 0.015931944006093716}}