{"returned_dict": {"loss": 0.25179089151641204, "r2": -0.007957372305696042, "status": "ok", "start_time": 1688755055.069516, "duration": 1.388197898864746}, "current_params": {"N": 500, "iss": 0.9, "lr": 0.003562915550473451, "ridge": 1e-07, "seed": 1234, "sr": 0.015217119086357022}}