{"returned_dict": {"loss": 0.25030374443956244, "r2": -0.0016331479422429702, "status": "ok", "start_time": 1688755460.9902852, "duration": 1.4112980365753174}, "current_params": {"N": 500, "iss": 0.9, "lr": 0.0066607915672958085, "ridge": 1e-07, "seed": 1234, "sr": 0.04055081342400009}}