{"returned_dict": {"loss": 0.2592956513869147, "r2": -0.029690953561238114, "status": "ok", "start_time": 1688753945.403734, "duration": 1.445005178451538}, "current_params": {"N": 500, "iss": 0.9, "lr": 0.004574152964585012, "ridge": 1e-07, "seed": 1234, "sr": 0.017275455370965257}}