{"returned_dict": {"loss": 0.25101335719591533, "r2": -0.004200221299171192, "status": "ok", "start_time": 1688753293.4246001, "duration": 1.6683859825134277}, "current_params": {"N": 500, "iss": 0.9, "lr": 0.006721858994363475, "ridge": 1e-07, "seed": 1234, "sr": 0.016130653781102525}}