{"returned_dict": {"loss": 0.2527679492606056, "r2": -0.017460245831742178, "status": "ok", "start_time": 1688755503.8911748, "duration": 1.402602195739746}, "current_params": {"N": 500, "iss": 0.9, "lr": 0.004574152964585012, "ridge": 1e-07, "seed": 1234, "sr": 0.015209355232682053}}