{"returned_dict": {"loss": 0.2529112725472869, "r2": -0.00645638849696654, "status": "ok", "start_time": 1688755456.813759, "duration": 1.367630958557129}, "current_params": {"N": 500, "iss": 0.9, "lr": 0.006565103682340531, "ridge": 1e-07, "seed": 1234, "sr": 0.022376991338754863}}