{"returned_dict": {"loss": 0.2511841076407512, "r2": -0.010436200649513042, "status": "ok", "start_time": 1688755493.8791711, "duration": 1.4140286445617676}, "current_params": {"N": 500, "iss": 0.9, "lr": 0.005077070012844686, "ridge": 1e-07, "seed": 1234, "sr": 0.014180336811864184}}