{"returned_dict": {"loss": 0.2542524490594041, "r2": -0.01612958285698844, "status": "ok", "start_time": 1688753935.3484921, "duration": 1.376162052154541}, "current_params": {"N": 500, "iss": 0.9, "lr": 0.005077070012844686, "ridge": 1e-07, "seed": 1234, "sr": 0.015767522293681297}}