{"returned_dict": {"loss": 0.2520832639666594, "r2": 0.015580714126717243, "status": "ok", "start_time": 1688755377.827222, "duration": 1.3556008338928223}, "current_params": {"N": 500, "iss": 0.9, "lr": 0.00948784264735005, "ridge": 1e-07, "seed": 1234, "sr": 0.049114831377351585}}