{"returned_dict": {"loss": 0.2575611115173509, "r2": -0.00033341165300008563, "status": "ok", "start_time": 1688755445.5453289, "duration": 1.4273340702056885}, "current_params": {"N": 500, "iss": 0.9, "lr": 0.003562915550473451, "ridge": 1e-07, "seed": 1234, "sr": 0.013799101337949737}}