{"returned_dict": {"loss": 0.25029110344952843, "r2": -0.0033754913268894495, "status": "ok", "start_time": 1688755573.791111, "duration": 1.4197978973388672}, "current_params": {"N": 500, "iss": 0.9, "lr": 0.006721858994363475, "ridge": 1e-07, "seed": 1234, "sr": 0.01443015968664725}}