{"returned_dict": {"loss": 0.25305769978025205, "r2": -0.006322657010450354, "status": "ok", "start_time": 1688755066.2710772, "duration": 1.3652937412261963}, "current_params": {"N": 500, "iss": 0.9, "lr": 0.006565103682340531, "ridge": 1e-07, "seed": 1234, "sr": 0.02857977758285706}}