{"returned_dict": {"loss": 0.26902509507840505, "r2": 0.20228194339986313, "status": "ok", "start_time": 1688755362.811886, "duration": 1.3661298751831055}, "current_params": {"N": 500, "iss": 0.9, "lr": 0.012671399492344065, "ridge": 1e-07, "seed": 1234, "sr": 0.09689331761613938}}