{"returned_dict": {"loss": 0.266181897975912, "r2": 0.10008912014586757, "status": "ok", "start_time": 1688755365.530304, "duration": 1.3601012229919434}, "current_params": {"N": 500, "iss": 0.9, "lr": 0.01194012324967482, "ridge": 1e-07, "seed": 1234, "sr": 0.07182579673523158}}