{"returned_dict": {"loss": 0.27751238096767317, "r2": -0.32577931237544594, "status": "ok", "start_time": 1688755184.505787, "duration": 1.3951590061187744}, "current_params": {"N": 500, "iss": 0.9, "lr": 0.6692322890454034, "ridge": 1e-07, "seed": 1234, "sr": 1.9088657622498109}}