{"returned_dict": {"loss": 0.27668174774186327, "r2": -0.051650458078238724, "status": "ok", "start_time": 1688755354.619482, "duration": 1.355151891708374}, "current_params": {"N": 500, "iss": 0.9, "lr": 0.004574935585135073, "ridge": 1e-07, "seed": 1234, "sr": 0.023659849726342757}}