{"returned_dict": {"loss": 0.2838126774872951, "r2": -0.05838854029612565, "status": "ok", "start_time": 1688753796.649158, "duration": 1.388979196548462}, "current_params": {"N": 500, "iss": 0.9, "lr": 0.004574935585135073, "ridge": 1e-07, "seed": 1234, "sr": 0.03073430140568509}}