{"returned_dict": {"loss": 0.2837749759539229, "r2": -0.14769434096875575, "status": "ok", "start_time": 1688755026.972755, "duration": 1.410804033279419}, "current_params": {"N": 500, "iss": 0.9, "lr": 0.0012348539342148224, "ridge": 1e-07, "seed": 1234, "sr": 0.0501527653640703}}