{"returned_dict": {"loss": 0.2917641179512886, "r2": -0.020351254118740208, "status": "ok", "start_time": 1688755070.403378, "duration": 1.3999340534210205}, "current_params": {"N": 500, "iss": 0.9, "lr": 0.0066607915672958085, "ridge": 1e-07, "seed": 1234, "sr": 0.06204230622513381}}