{"returned_dict": {"loss": 0.31876653959374374, "r2": 0.4407460844318483, "status": "ok", "start_time": 1688753800.798713, "duration": 1.4050829410552979}, "current_params": {"N": 500, "iss": 0.9, "lr": 0.08409864424316024, "ridge": 1e-07, "seed": 1234, "sr": 1.0380577050822715}}