{"returned_dict": {"loss": 0.31564066687699127, "r2": -0.2213110732157718, "status": "ok", "start_time": 1688755569.3624551, "duration": 1.3926668167114258}, "current_params": {"N": 500, "iss": 0.9, "lr": 0.0027231966986053157, "ridge": 1e-07, "seed": 1234, "sr": 0.025784899284706286}}