{"returned_dict": {"loss": 0.31721780472630634, "r2": -0.10868654696527158, "status": "ok", "start_time": 1688753295.094997, "duration": 1.6253321170806885}, "current_params": {"N": 500, "iss": 0.9, "lr": 0.003928194271141713, "ridge": 1e-07, "seed": 1234, "sr": 0.050704131972421025}}