{"returned_dict": {"loss": 0.322550815717246, "r2": -0.11818047841942085, "status": "ok", "start_time": 1688755575.212874, "duration": 1.411609172821045}, "current_params": {"N": 500, "iss": 0.9, "lr": 0.003928194271141713, "ridge": 1e-07, "seed": 1234, "sr": 0.03473563963725667}}