{"returned_dict": {"loss": 0.35488157354699057, "r2": 0.15461700690253813, "status": "ok", "start_time": 1688754525.619375, "duration": 1.3502590656280518}, "current_params": {"N": 500, "iss": 0.9, "lr": 0.01194012324967482, "ridge": 1e-07, "seed": 1234, "sr": 0.13073371451589708}}