{"returned_dict": {"loss": 0.35422807199809353, "r2": 0.02088508323172907, "status": "ok", "start_time": 1688754986.539436, "duration": 1.3480780124664307}, "current_params": {"N": 500, "iss": 0.9, "lr": 0.00948784264735005, "ridge": 1e-07, "seed": 1234, "sr": 0.07964860203040938}}