{"returned_dict": {"loss": 0.3855958398233746, "r2": -0.05989698166921609, "status": "ok", "start_time": 1688753741.510871, "duration": 1.348311185836792}, "current_params": {"N": 500, "iss": 0.9, "lr": 0.0016633478315350963, "ridge": 1e-07, "seed": 1234, "sr": 0.027598683234115115}}