{"returned_dict": {"loss": 0.38098300974023286, "r2": -0.6411787637718424, "status": "ok", "start_time": 1688755350.548696, "duration": 1.3484737873077393}, "current_params": {"N": 500, "iss": 0.9, "lr": 0.008627726752024523, "ridge": 1e-07, "seed": 1234, "sr": 0.2786563536203857}}