{"returned_dict": {"loss": 0.3905634556173338, "r2": 0.2504896942912086, "status": "ok", "start_time": 1688755517.8401868, "duration": 1.393423080444336}, "current_params": {"N": 500, "iss": 0.9, "lr": 0.035268880917861616, "ridge": 1e-07, "seed": 1234, "sr": 0.8651517504996097}}