{"returned_dict": {"loss": 0.4000448714535329, "r2": -0.6073297796565332, "status": "ok", "start_time": 1688755424.7173529, "duration": 1.3670110702514648}, "current_params": {"N": 500, "iss": 0.9, "lr": 0.0011747404553185898, "ridge": 1e-07, "seed": 1234, "sr": 0.28250869008080837}}