{"returned_dict": {"loss": 0.4133560300939598, "r2": -0.23459458823790977, "status": "ok", "start_time": 1688755452.597259, "duration": 1.4193739891052246}, "current_params": {"N": 500, "iss": 0.9, "lr": 0.0029103225156569203, "ridge": 1e-07, "seed": 1234, "sr": 0.08069597310501309}}