{"returned_dict": {"loss": 0.43381014457731254, "r2": -0.4452762679402396, "status": "ok", "start_time": 1688755412.300212, "duration": 1.3777661323547363}, "current_params": {"N": 500, "iss": 0.9, "lr": 0.0022003912952545212, "ridge": 1e-07, "seed": 1234, "sr": 0.03445009246744131}}