{"returned_dict": {"loss": 0.4466681725342578, "r2": -0.07657660200501189, "status": "ok", "start_time": 1688755394.390631, "duration": 1.3711700439453125}, "current_params": {"N": 500, "iss": 0.9, "lr": 0.006588095974939943, "ridge": 1e-07, "seed": 1234, "sr": 0.0736347478091156}}