{"returned_dict": {"loss": 0.44307108588627386, "r2": -2.796790874274317, "status": "ok", "start_time": 1688754610.251319, "duration": 1.3610069751739502}, "current_params": {"N": 500, "iss": 0.9, "lr": 0.8900744887793843, "ridge": 1e-07, "seed": 1234, "sr": 1.8104096665308864}}