{"returned_dict": {"loss": 0.4549986712175292, "r2": -0.3282298133451751, "status": "ok", "start_time": 1688754010.447972, "duration": 1.3763768672943115}, "current_params": {"N": 500, "iss": 0.9, "lr": 0.0027231966986053157, "ridge": 1e-07, "seed": 1234, "sr": 0.034381390574928755}}