{"returned_dict": {"loss": 0.4509433317012772, "r2": -0.27940994330538876, "status": "ok", "start_time": 1688755302.110285, "duration": 1.356553077697754}, "current_params": {"N": 500, "iss": 0.9, "lr": 0.001949548020519852, "ridge": 1e-07, "seed": 1234, "sr": 0.1436139490344149}}