{"returned_dict": {"loss": 0.4661603299173696, "r2": -0.3886944213864801, "status": "ok", "start_time": 1688755471.300211, "duration": 1.449631929397583}, "current_params": {"N": 500, "iss": 0.9, "lr": 0.0024618930592986486, "ridge": 1e-07, "seed": 1234, "sr": 0.034467717500168}}