{"returned_dict": {"loss": 0.47960003408844437, "r2": -0.19417855628070835, "status": "ok", "start_time": 1688755300.754787, "duration": 1.354053020477295}, "current_params": {"N": 500, "iss": 0.9, "lr": 0.004331629980965586, "ridge": 1e-07, "seed": 1234, "sr": 0.08493848898879214}}