{"returned_dict": {"loss": 0.4847391193697601, "r2": -0.9301120637727575, "status": "ok", "start_time": 1688754542.006752, "duration": 1.5049028396606445}, "current_params": {"N": 500, "iss": 0.9, "lr": 0.008045090803265967, "ridge": 1e-07, "seed": 1234, "sr": 0.28327116807958513}}