{"returned_dict": {"loss": 0.4970897556322245, "r2": -0.13066073439504278, "status": "ok", "start_time": 1688755299.4078028, "duration": 1.3455662727355957}, "current_params": {"N": 500, "iss": 0.9, "lr": 0.0016633478315350963, "ridge": 1e-07, "seed": 1234, "sr": 0.021785412209500744}}