{"returned_dict": {"loss": 0.5132326508977068, "r2": 0.0744446208528901, "status": "ok", "start_time": 1688754971.552305, "duration": 1.364495038986206}, "current_params": {"N": 500, "iss": 0.9, "lr": 0.012671399492344065, "ridge": 1e-07, "seed": 1234, "sr": 0.19314984042342626}}