{"returned_dict": {"loss": 0.5458954506460535, "r2": 0.28909801679108577, "status": "ok", "start_time": 1688755335.357332, "duration": 1.5044631958007812}, "current_params": {"N": 500, "iss": 0.9, "lr": 0.10450923140136353, "ridge": 1e-07, "seed": 1234, "sr": 1.1747879624022337}}