{"returned_dict": {"loss": 0.5486870129863054, "r2": -4.283092699383946, "status": "ok", "start_time": 1688753032.825095, "duration": 1.6248700618743896}, "current_params": {"N": 500, "iss": 0.9, "lr": 0.719334282114676, "ridge": 1e-07, "seed": 1234, "sr": 1.9577985037865833}}