{"returned_dict": {"loss": 0.5667614124061865, "r2": -0.0388290168519122, "status": "ok", "start_time": 1688755409.5402088, "duration": 1.3809502124786377}, "current_params": {"N": 500, "iss": 0.9, "lr": 0.023290415540192212, "ridge": 1e-07, "seed": 1234, "sr": 0.5804927574049585}}