{"returned_dict": {"loss": 0.5869759210475948, "r2": -0.1730182198369866, "status": "ok", "start_time": 1688755417.814682, "duration": 1.3685190677642822}, "current_params": {"N": 500, "iss": 0.9, "lr": 0.0012348539342148224, "ridge": 1e-07, "seed": 1234, "sr": 0.034445554340444266}}