{"returned_dict": {"loss": 0.6188920001323138, "r2": -0.19086556000998764, "status": "ok", "start_time": 1688753233.801662, "duration": 1.6553139686584473}, "current_params": {"N": 500, "iss": 0.9, "lr": 0.0013995995750949496, "ridge": 1e-07, "seed": 1234, "sr": 0.023462246374277934}}