{"returned_dict": {"loss": 0.6314135877488222, "r2": -0.4115979636693903, "status": "ok", "start_time": 1688754631.0762491, "duration": 1.3633828163146973}, "current_params": {"N": 500, "iss": 0.9, "lr": 0.0024618930592986486, "ridge": 1e-07, "seed": 1234, "sr": 0.05019484139736029}}