{"returned_dict": {"loss": 0.646199352603073, "r2": -0.202893176859022, "status": "ok", "start_time": 1688754529.719153, "duration": 1.3583190441131592}, "current_params": {"N": 500, "iss": 0.9, "lr": 0.0014693850044619368, "ridge": 1e-07, "seed": 1234, "sr": 0.013953269187234588}}