{"returned_dict": {"loss": 0.648969526721447, "r2": -0.2040487245621053, "status": "ok", "start_time": 1688755369.658677, "duration": 1.34946608543396}, "current_params": {"N": 500, "iss": 0.9, "lr": 0.0014693850044619368, "ridge": 1e-07, "seed": 1234, "sr": 0.012911238917344576}}