{"returned_dict": {"loss": 0.646199352603073, "r2": -0.202893176859022, "status": "ok", "start_time": 1688754978.369555, "duration": 1.3496618270874023}, "current_params": {"N": 500, "iss": 0.9, "lr": 0.0014693850044619368, "ridge": 1e-07, "seed": 1234, "sr": 0.013953269187234588}}