{"returned_dict": {"loss": 0.6543370369521874, "r2": -0.20658088661616855, "status": "ok", "start_time": 1688755522.037097, "duration": 1.9593710899353027}, "current_params": {"N": 500, "iss": 0.9, "lr": 0.0013995995750949496, "ridge": 1e-07, "seed": 1234, "sr": 0.019234335161130274}}