{"returned_dict": {"loss": 0.6720277110962511, "r2": 0.0257517008307618, "status": "ok", "start_time": 1688755395.7634099, "duration": 1.357790231704712}, "current_params": {"N": 500, "iss": 0.9, "lr": 0.009517044749879343, "ridge": 1e-07, "seed": 1234, "sr": 0.2220286917588803}}