{"returned_dict": {"loss": 0.6844949029617059, "r2": -0.21750901797163213, "status": "ok", "start_time": 1688753213.986953, "duration": 1.652508020401001}, "current_params": {"N": 500, "iss": 0.9, "lr": 0.0010963749428805649, "ridge": 1e-07, "seed": 1234, "sr": 0.037479785587162716}}