{"returned_dict": {"loss": 0.6950709881050122, "r2": -0.028730237389317237, "status": "ok", "start_time": 1688755382.031714, "duration": 1.4113538265228271}, "current_params": {"N": 500, "iss": 0.9, "lr": 0.008045090803265967, "ridge": 1e-07, "seed": 1234, "sr": 0.12997317866574296}}