{"returned_dict": {"loss": 0.6994636211664803, "r2": -0.22522561521358972, "status": "ok", "start_time": 1688754580.577708, "duration": 1.3600220680236816}, "current_params": {"N": 500, "iss": 0.9, "lr": 0.0013477819629193828, "ridge": 1e-07, "seed": 1234, "sr": 0.01418389479892628}}