{"returned_dict": {"loss": 0.7016576743746886, "r2": -0.22608381349932669, "status": "ok", "start_time": 1688755420.5722728, "duration": 1.3796062469482422}, "current_params": {"N": 500, "iss": 0.9, "lr": 0.0013477819629193828, "ridge": 1e-07, "seed": 1234, "sr": 0.013074607715475932}}