{"returned_dict": {"loss": 0.7106056070316753, "r2": -0.22968341918402144, "status": "ok", "start_time": 1688754919.462555, "duration": 1.4342591762542725}, "current_params": {"N": 500, "iss": 0.9, "lr": 0.0013297839048037883, "ridge": 1e-07, "seed": 1234, "sr": 0.012708968625748275}}