{"returned_dict": {"loss": 0.7115703705514163, "r2": -0.23005574429345152, "status": "ok", "start_time": 1688755310.2197912, "duration": 1.3566489219665527}, "current_params": {"N": 500, "iss": 0.9, "lr": 0.0013297839048037883, "ridge": 1e-07, "seed": 1234, "sr": 0.012018593511102769}}