{"returned_dict": {"loss": 0.712381696469922, "r2": -0.48319113838716626, "status": "ok", "start_time": 1688753855.855409, "duration": 1.3491480350494385}, "current_params": {"N": 500, "iss": 0.9, "lr": 0.0022003912952545212, "ridge": 1e-07, "seed": 1234, "sr": 0.0501613801802682}}