{"returned_dict": {"loss": 0.755561835449538, "r2": 0.14460491874545756, "status": "ok", "start_time": 1688755528.339085, "duration": 1.390523910522461}, "current_params": {"N": 500, "iss": 0.9, "lr": 0.01837890418829658, "ridge": 1e-07, "seed": 1234, "sr": 0.49855140938736514}}