{"returned_dict": {"loss": 0.758094260825341, "r2": -0.8373737485464385, "status": "ok", "start_time": 1688754916.597756, "duration": 1.418567180633545}, "current_params": {"N": 500, "iss": 0.9, "lr": 0.2061305930661558, "ridge": 1e-07, "seed": 1234, "sr": 1.4787515437601555}}