{"returned_dict": {"loss": 0.7886713713796153, "r2": -0.2599644428549721, "status": "ok", "start_time": 1688755506.6823418, "duration": 1.3980741500854492}, "current_params": {"N": 500, "iss": 0.9, "lr": 0.0010963749428805649, "ridge": 1e-07, "seed": 1234, "sr": 0.02754914412622035}}