{"returned_dict": {"loss": 0.7971173187425397, "r2": -9.103589410311683, "status": "ok", "start_time": 1688753088.988564, "duration": 1.655350923538208}, "current_params": {"N": 500, "iss": 0.9, "lr": 0.351101881861253, "ridge": 1e-07, "seed": 1234, "sr": 2.842433947836844}}