{"returned_dict": {"loss": 0.8156630789323129, "r2": -0.5288458119395946, "status": "ok", "start_time": 1688755319.7456799, "duration": 1.3955821990966797}, "current_params": {"N": 500, "iss": 0.9, "lr": 0.0020381971895498943, "ridge": 1e-07, "seed": 1234, "sr": 0.055939356768342226}}