{"returned_dict": {"loss": 0.8174513284659293, "r2": -0.05326348629654835, "status": "ok", "start_time": 1688755372.359922, "duration": 1.3518571853637695}, "current_params": {"N": 500, "iss": 0.9, "lr": 0.01829156443200663, "ridge": 1e-07, "seed": 1234, "sr": 0.5364921819808435}}