{"returned_dict": {"loss": 0.8873482492867751, "r2": -0.5063110334162062, "status": "ok", "start_time": 1688754480.016622, "duration": 1.3769478797912598}, "current_params": {"N": 500, "iss": 0.9, "lr": 0.0020381971895498943, "ridge": 1e-07, "seed": 1234, "sr": 0.09437285509046839}}