{"returned_dict": {"loss": 0.9480415631172665, "r2": -0.6094736800344516, "status": "ok", "start_time": 1688755419.184968, "duration": 1.385627031326294}, "current_params": {"N": 500, "iss": 0.9, "lr": 0.0017793789683264896, "ridge": 1e-07, "seed": 1234, "sr": 0.06113059449906627}}