{"returned_dict": {"loss": 0.948833618847074, "r2": -0.7521902593808933, "status": "ok", "start_time": 1688755545.3918679, "duration": 1.4023921489715576}, "current_params": {"N": 500, "iss": 0.9, "lr": 0.002001738706933608, "ridge": 1e-07, "seed": 1234, "sr": 0.16914908285710886}}