{"returned_dict": {"loss": 0.9527406551474766, "r2": -0.11809049503199269, "status": "ok", "start_time": 1688755535.384595, "duration": 1.4023139476776123}, "current_params": {"N": 500, "iss": 0.9, "lr": 0.006517013347114697, "ridge": 1e-07, "seed": 1234, "sr": 0.10285055937981123}}