{"returned_dict": {"loss": 0.992074682055855, "r2": -12.538597865036316, "status": "ok", "start_time": 1688754993.311924, "duration": 1.3674402236938477}, "current_params": {"N": 500, "iss": 0.9, "lr": 0.3378461052232361, "ridge": 1e-07, "seed": 1234, "sr": 3.4169239349145406}}