{"returned_dict": {"loss": 1.0198167762230719, "r2": -1.328092657379165, "status": "ok", "start_time": 1688754670.412106, "duration": 1.409754991531372}, "current_params": {"N": 500, "iss": 0.9, "lr": 0.0011414997148981286, "ridge": 1e-07, "seed": 1234, "sr": 0.30993658351244163}}