{"returned_dict": {"loss": 1.0198167762230719, "r2": -1.328092657379165, "status": "ok", "start_time": 1688753217.2639308, "duration": 1.6227383613586426}, "current_params": {"N": 500, "iss": 0.9, "lr": 0.0011414997148981286, "ridge": 1e-07, "seed": 1234, "sr": 0.30993658351244163}}