{"returned_dict": {"loss": 1.02377298619055, "r2": -0.016320185485150202, "status": "ok", "start_time": 1688753929.846385, "duration": 1.352618932723999}, "current_params": {"N": 500, "iss": 0.9, "lr": 0.0914851365421383, "ridge": 1e-07, "seed": 1234, "sr": 1.2072384196976096}}