{"returned_dict": {"loss": 1.109522219959581, "r2": -0.5782861504854181, "status": "ok", "start_time": 1688754579.222877, "duration": 1.3535358905792236}, "current_params": {"N": 500, "iss": 0.9, "lr": 0.0017793789683264896, "ridge": 1e-07, "seed": 1234, "sr": 0.10594870634350116}}