{"returned_dict": {"loss": 1.1108064881564121, "r2": -1.16854314304476, "status": "ok", "start_time": 1688755523.998615, "duration": 1.4595887660980225}, "current_params": {"N": 500, "iss": 0.9, "lr": 0.19508739133158115, "ridge": 1e-07, "seed": 1234, "sr": 1.513684164376375}}