{"returned_dict": {"loss": 1.1184765087928608, "r2": -0.5811814403574792, "status": "ok", "start_time": 1688755566.551285, "duration": 1.392441987991333}, "current_params": {"N": 500, "iss": 0.9, "lr": 0.0017768454950958875, "ridge": 1e-07, "seed": 1234, "sr": 0.10294297888325421}}