{"returned_dict": {"loss": 1.1763550551643223, "r2": -0.11044306297063537, "status": "ok", "start_time": 1688753082.357044, "duration": 1.6691279411315918}, "current_params": {"N": 500, "iss": 0.9, "lr": 0.006588095974939943, "ridge": 1e-07, "seed": 1234, "sr": 0.13504276379966784}}