{"returned_dict": {"loss": 1.1976013721314345, "r2": -19.41244856958554, "status": "ok", "start_time": 1688754968.81637, "duration": 1.3918278217315674}, "current_params": {"N": 500, "iss": 0.9, "lr": 0.27385907525426506, "ridge": 1e-07, "seed": 1234, "sr": 4.425195681471678}}