{"returned_dict": {"loss": 1.2082849792972945, "r2": -0.0546967685823585, "status": "ok", "start_time": 1688755147.25573, "duration": 1.4689490795135498}, "current_params": {"N": 500, "iss": 0.9, "lr": 0.006517013347114697, "ridge": 1e-07, "seed": 1234, "sr": 0.20877503732087163}}