{"returned_dict": {"loss": 1.2463561862335153, "r2": -9.83927401183069, "status": "ok", "start_time": 1688753760.8646872, "duration": 1.351008653640747}, "current_params": {"N": 500, "iss": 0.9, "lr": 0.27685374484311337, "ridge": 1e-07, "seed": 1234, "sr": 4.434072756135232}}