{"returned_dict": {"loss": 1.382895783956868, "r2": -6.763180598701982, "status": "ok", "start_time": 1688755469.9022841, "duration": 1.3951928615570068}, "current_params": {"N": 500, "iss": 0.9, "lr": 0.004233385166803992, "ridge": 1e-07, "seed": 1234, "sr": 0.3296822527987904}}