{"returned_dict": {"loss": 1.3838301966402613, "r2": -0.5652997091281567, "status": "ok", "start_time": 1688755349.190954, "duration": 1.3562748432159424}, "current_params": {"N": 500, "iss": 0.9, "lr": 0.0026146592050523896, "ridge": 1e-07, "seed": 1234, "sr": 0.13946336969899786}}