{"returned_dict": {"loss": 1.3958339611694983, "r2": -23.27636593169592, "status": "ok", "start_time": 1688754684.4417, "duration": 1.399794101715088}, "current_params": {"N": 500, "iss": 0.9, "lr": 0.19508739133158115, "ridge": 1e-07, "seed": 1234, "sr": 6.954268155528045}}