{"returned_dict": {"loss": 1.4200292084029107, "r2": -0.11724021113888898, "status": "ok", "start_time": 1688755434.357219, "duration": 1.3862521648406982}, "current_params": {"N": 500, "iss": 0.9, "lr": 0.01349209459388104, "ridge": 1e-07, "seed": 1234, "sr": 0.35805063242682483}}