{"returned_dict": {"loss": 1.4840580389387956, "r2": -0.6704325271312913, "status": "ok", "start_time": 1688755525.460945, "duration": 1.4613170623779297}, "current_params": {"N": 500, "iss": 0.9, "lr": 0.0014504618087973706, "ridge": 1e-07, "seed": 1234, "sr": 0.13220211689560168}}