{"returned_dict": {"loss": 1.5513843522026471, "r2": -0.7080317361158048, "status": "ok", "start_time": 1688755533.997015, "duration": 1.3856251239776611}, "current_params": {"N": 500, "iss": 0.9, "lr": 0.0010345463215508882, "ridge": 1e-07, "seed": 1234, "sr": 0.27362274920707036}}