{"returned_dict": {"loss": 1.582501650965563, "r2": -6.48188964824777, "status": "ok", "start_time": 1688753865.344775, "duration": 1.355992078781128}, "current_params": {"N": 500, "iss": 0.9, "lr": 0.29991682823976124, "ridge": 1e-07, "seed": 1234, "sr": 2.0711751271159313}}