{"returned_dict": {"loss": 1.6924553194115575, "r2": -48.285177812216034, "status": "ok", "start_time": 1688754551.765802, "duration": 1.368779182434082}, "current_params": {"N": 500, "iss": 0.9, "lr": 0.7169143323529689, "ridge": 1e-07, "seed": 1234, "sr": 2.361067081535588}}