{"returned_dict": {"loss": 1.7983906275097548, "r2": -28.140438372100178, "status": "ok", "start_time": 1688753179.540185, "duration": 1.6321611404418945}, "current_params": {"N": 500, "iss": 0.9, "lr": 0.6811753255192898, "ridge": 1e-07, "seed": 1234, "sr": 7.505573307332535}}