{"returned_dict": {"loss": 1.9372305452223373, "r2": -0.7773873674479276, "status": "ok", "start_time": 1688755509.473886, "duration": 1.396040916442871}, "current_params": {"N": 500, "iss": 0.9, "lr": 0.0011414997148981286, "ridge": 1e-07, "seed": 1234, "sr": 0.1392583290943751}}