{"returned_dict": {"loss": 10.437486209523838, "r2": -0.1506486139623744, "status": "ok", "start_time": 1688753261.9137988, "duration": 1.6485562324523926}, "current_params": {"N": 500, "iss": 0.9, "lr": 0.0201763660586179, "ridge": 1e-07, "seed": 1234, "sr": 0.7323231724059849}}