{"returned_dict": {"loss": 1004.7838429936205, "r2": -0.8836899028338898, "status": "ok", "start_time": 1688754712.867442, "duration": 1.413938283920288}, "current_params": {"N": 500, "iss": 0.9, "lr": 0.006965147459842892, "ridge": 1e-07, "seed": 1234, "sr": 7.231920572306453}}