{"returned_dict": {"loss": 1029.6476799973352, "r2": -1.7216959969770649, "status": "ok", "start_time": 1688753016.361492, "duration": 1.6246001720428467}, "current_params": {"N": 500, "iss": 0.9, "lr": 0.0049758561358007524, "ridge": 1e-07, "seed": 1234, "sr": 2.7738161816033102}}