{"returned_dict": {"loss": 1035.244471347314, "r2": -0.7319137014011617, "status": "ok", "start_time": 1688753936.725929, "duration": 1.4661970138549805}, "current_params": {"N": 500, "iss": 0.9, "lr": 0.0072323578952706025, "ridge": 1e-07, "seed": 1234, "sr": 4.881086179748358}}