{"returned_dict": {"loss": 1036.8142018506144, "r2": -0.9493473245454687, "status": "ok", "start_time": 1688755516.438995, "duration": 1.3991541862487793}, "current_params": {"N": 500, "iss": 0.9, "lr": 0.0018646665439208772, "ridge": 1e-07, "seed": 1234, "sr": 1.615015536156611}}