{"returned_dict": {"loss": 1080.7361107155282, "r2": -0.2724788435520789, "status": "ok", "start_time": 1688754681.563835, "duration": 1.3908910751342773}, "current_params": {"N": 500, "iss": 0.9, "lr": 0.0064297670646757095, "ridge": 1e-07, "seed": 1234, "sr": 6.091700405214507}}