{"returned_dict": {"loss": 11.944052170286538, "r2": -0.4694780861717533, "status": "ok", "start_time": 1688755325.235418, "duration": 1.3634719848632812}, "current_params": {"N": 500, "iss": 0.9, "lr": 0.0028587399658546522, "ridge": 1e-07, "seed": 1234, "sr": 0.3677775491737212}}