{"returned_dict": {"loss": 1180.2951427388682, "r2": -0.3344798077129432, "status": "ok", "start_time": 1688754946.864956, "duration": 1.3446719646453857}, "current_params": {"N": 500, "iss": 0.9, "lr": 0.004652465849430955, "ridge": 1e-07, "seed": 1234, "sr": 5.580343023547165}}