{"returned_dict": {"loss": 119.96670717565337, "r2": -1.2822720518163069, "status": "ok", "start_time": 1688754678.800508, "duration": 1.3826189041137695}, "current_params": {"N": 500, "iss": 0.9, "lr": 0.035268880917861616, "ridge": 1e-07, "seed": 1234, "sr": 3.3535990156004374}}