{"returned_dict": {"loss": 12.269658242998327, "r2": -0.2031868557187504, "status": "ok", "start_time": 1688755406.7539682, "duration": 1.3740606307983398}, "current_params": {"N": 500, "iss": 0.9, "lr": 0.011631913763100198, "ridge": 1e-07, "seed": 1234, "sr": 0.6655004099498368}}