{"returned_dict": {"loss": 12.424439390152024, "r2": -10.123861887196474, "status": "ok", "start_time": 1688753149.8820841, "duration": 1.63677978515625}, "current_params": {"N": 500, "iss": 0.9, "lr": 0.13565077644388218, "ridge": 1e-07, "seed": 1234, "sr": 2.6286963019006717}}