{"returned_dict": {"loss": 12.67074659127791, "r2": -453.2057108422792, "status": "ok", "start_time": 1688755001.476038, "duration": 1.3648350238800049}, "current_params": {"N": 500, "iss": 0.9, "lr": 0.810807527122514, "ridge": 1e-07, "seed": 1234, "sr": 6.834465647289928}}