{"returned_dict": {"loss": 12.992257616146887, "r2": -1.7631548995299537, "status": "ok", "start_time": 1688755408.129656, "duration": 1.4076838493347168}, "current_params": {"N": 500, "iss": 0.9, "lr": 0.0021754527786438816, "ridge": 1e-07, "seed": 1234, "sr": 0.6542699422086171}}