{"returned_dict": {"loss": 1200.5617514540995, "r2": -1.0349709456413156, "status": "ok", "start_time": 1688753108.8949928, "duration": 1.6260740756988525}, "current_params": {"N": 500, "iss": 0.9, "lr": 0.001438234015621399, "ridge": 1e-07, "seed": 1234, "sr": 2.5402477361159956}}