{"returned_dict": {"loss": 1204.2736539326227, "r2": -0.778910799098744, "status": "ok", "start_time": 1688753900.961914, "duration": 1.3652539253234863}, "current_params": {"N": 500, "iss": 0.9, "lr": 0.006714336361084555, "ridge": 1e-07, "seed": 1234, "sr": 1.7459748086870095}}