{"returned_dict": {"loss": 1245.1544091631206, "r2": -0.3695419037326342, "status": "ok", "start_time": 1688753168.015664, "duration": 1.6586239337921143}, "current_params": {"N": 500, "iss": 0.9, "lr": 0.004189980001610144, "ridge": 1e-07, "seed": 1234, "sr": 6.730328880060327}}