{"returned_dict": {"loss": 1256.4338805964462, "r2": -0.3386360296641347, "status": "ok", "start_time": 1688753207.4741309, "duration": 1.6253340244293213}, "current_params": {"N": 500, "iss": 0.9, "lr": 0.00474765619086868, "ridge": 1e-07, "seed": 1234, "sr": 5.9742435894426436}}