{"returned_dict": {"loss": 1273.4126072883014, "r2": -8.661365808732299, "status": "ok", "start_time": 1688755073.1785972, "duration": 1.3782038688659668}, "current_params": {"N": 500, "iss": 0.9, "lr": 0.004043788650283284, "ridge": 1e-07, "seed": 1234, "sr": 7.227207099998132}}