{"returned_dict": {"loss": 13.045849420345675, "r2": -133.1430262971039, "status": "ok", "start_time": 1688753003.2293, "duration": 1.6512451171875}, "current_params": {"N": 500, "iss": 0.9, "lr": 0.13440662792423172, "ridge": 1e-07, "seed": 1234, "sr": 1.9596513319743825}}