{"returned_dict": {"loss": 1336.0738814227136, "r2": -0.30394411146828376, "status": "ok", "start_time": 1688753891.394059, "duration": 1.3662910461425781}, "current_params": {"N": 500, "iss": 0.9, "lr": 0.004162641776033228, "ridge": 1e-07, "seed": 1234, "sr": 6.700381333753656}}