{"returned_dict": {"loss": 1370.1711000565813, "r2": -0.59848848389206, "status": "ok", "start_time": 1688753957.899889, "duration": 1.376688003540039}, "current_params": {"N": 500, "iss": 0.9, "lr": 0.0018646665439208772, "ridge": 1e-07, "seed": 1234, "sr": 7.567304757039052}}