{"returned_dict": {"loss": 14.17324038970728, "r2": -0.25968582101411336, "status": "ok", "start_time": 1688753983.440192, "duration": 1.3787050247192383}, "current_params": {"N": 500, "iss": 0.9, "lr": 0.015577684928036531, "ridge": 1e-07, "seed": 1234, "sr": 0.7507802307193083}}