{"returned_dict": {"loss": 14.901824661589325, "r2": -0.5013769101517161, "status": "ok", "start_time": 1688755390.26475, "duration": 1.3673579692840576}, "current_params": {"N": 500, "iss": 0.9, "lr": 0.0014657043717974704, "ridge": 1e-07, "seed": 1234, "sr": 0.8590790111185361}}