{"returned_dict": {"loss": 15.223723027335103, "r2": -0.2343357395884608, "status": "ok", "start_time": 1688754959.075404, "duration": 1.3501801490783691}, "current_params": {"N": 500, "iss": 0.9, "lr": 0.008627726752024523, "ridge": 1e-07, "seed": 1234, "sr": 0.7656474307799984}}