{"returned_dict": {"loss": 15.700815707255034, "r2": -0.1286484464553883, "status": "ok", "start_time": 1688754953.623789, "duration": 1.3906970024108887}, "current_params": {"N": 500, "iss": 0.9, "lr": 0.021490140480106088, "ridge": 1e-07, "seed": 1234, "sr": 0.7839491567314942}}