{"returned_dict": {"loss": 15.855605400394245, "r2": -0.228084499898217, "status": "ok", "start_time": 1688754555.850786, "duration": 1.355332851409912}, "current_params": {"N": 500, "iss": 0.9, "lr": 0.009517044749879343, "ridge": 1e-07, "seed": 1234, "sr": 0.5693766752526699}}