{"returned_dict": {"loss": 151.05691704387385, "r2": -0.45309908765410295, "status": "ok", "start_time": 1688755570.757201, "duration": 1.4189510345458984}, "current_params": {"N": 500, "iss": 0.9, "lr": 0.004412075877965789, "ridge": 1e-07, "seed": 1234, "sr": 1.0075606607035918}}