{"returned_dict": {"loss": 16.4927990906703, "r2": -0.5528854091613223, "status": "ok", "start_time": 1688754957.72606, "duration": 1.347978115081787}, "current_params": {"N": 500, "iss": 0.9, "lr": 0.0026146592050523896, "ridge": 1e-07, "seed": 1234, "sr": 0.31053168027287703}}