{"returned_dict": {"loss": 165.60023104827977, "r2": -0.5048961124769692, "status": "ok", "start_time": 1688755339.577065, "duration": 1.3568289279937744}, "current_params": {"N": 500, "iss": 0.9, "lr": 0.0049758561358007524, "ridge": 1e-07, "seed": 1234, "sr": 0.7479369788933031}}