{"returned_dict": {"loss": 19.556664959183482, "r2": -0.9203911103458688, "status": "ok", "start_time": 1688755431.610959, "duration": 1.365539789199829}, "current_params": {"N": 500, "iss": 0.9, "lr": 0.0012706168633971231, "ridge": 1e-07, "seed": 1234, "sr": 0.40724786489171905}}