{"returned_dict": {"loss": 19.892979890777724, "r2": -0.24684086405152642, "status": "ok", "start_time": 1688755491.094041, "duration": 1.3955988883972168}, "current_params": {"N": 500, "iss": 0.9, "lr": 0.00870996895715053, "ridge": 1e-07, "seed": 1234, "sr": 0.5541045087949925}}