{"returned_dict": {"loss": 2.015005644902286, "r2": -32.87665071873398, "status": "ok", "start_time": 1688752997.9452338, "duration": 1.8696331977844238}, "current_params": {"N": 500, "iss": 0.9, "lr": 0.11868976127565604, "ridge": 1e-07, "seed": 1234, "sr": 9.903672418680925}}