{"returned_dict": {"loss": 2.080352088125603, "r2": -49.07954834734943, "status": "ok", "start_time": 1688754561.333309, "duration": 1.471426010131836}, "current_params": {"N": 500, "iss": 0.9, "lr": 0.3314434048357353, "ridge": 1e-07, "seed": 1234, "sr": 6.83359616790843}}