{"returned_dict": {"loss": 2.2237734305743775, "r2": -70.08935151452532, "status": "ok", "start_time": 1688753265.199439, "duration": 1.671515941619873}, "current_params": {"N": 500, "iss": 0.9, "lr": 0.5275770821221863, "ridge": 1e-07, "seed": 1234, "sr": 3.3829402834454134}}