{"returned_dict": {"loss": 2.3199115802960217, "r2": -0.4228205132257732, "status": "ok", "start_time": 1688754535.233362, "duration": 1.3485710620880127}, "current_params": {"N": 500, "iss": 0.9, "lr": 0.003469578608187849, "ridge": 1e-07, "seed": 1234, "sr": 0.38114750465916947}}