{"returned_dict": {"loss": 2.3309053879183677, "r2": -0.8222668553665923, "status": "ok", "start_time": 1688754726.993946, "duration": 1.393747091293335}, "current_params": {"N": 500, "iss": 0.9, "lr": 0.0017768454950958875, "ridge": 1e-07, "seed": 1234, "sr": 0.2090196583408564}}