{"returned_dict": {"loss": 2.40185297145747, "r2": -105.61445577807524, "status": "ok", "start_time": 1688753915.9832819, "duration": 1.371006965637207}, "current_params": {"N": 500, "iss": 0.9, "lr": 0.3620369210485849, "ridge": 1e-07, "seed": 1234, "sr": 5.987530745926844}}