{"returned_dict": {"loss": 2.4138406914921364, "r2": -13.279008123526664, "status": "ok", "start_time": 1688755376.443948, "duration": 1.3817558288574219}, "current_params": {"N": 500, "iss": 0.9, "lr": 0.2827089960950331, "ridge": 1e-07, "seed": 1234, "sr": 1.8477931436368185}}