{"returned_dict": {"loss": 2.7546426360422163, "r2": -0.12059853662254809, "status": "ok", "start_time": 1688755454.018474, "duration": 1.39113187789917}, "current_params": {"N": 500, "iss": 0.9, "lr": 0.013776573458598628, "ridge": 1e-07, "seed": 1234, "sr": 0.4435955538049587}}