{"returned_dict": {"loss": 2.7644679464639474, "r2": -87.8438686326056, "status": "ok", "start_time": 1688754926.4478679, "duration": 1.3698890209197998}, "current_params": {"N": 500, "iss": 0.9, "lr": 0.9187802178509048, "ridge": 1e-07, "seed": 1234, "sr": 4.224184001973294}}