{"returned_dict": {"loss": 2.7644679464639474, "r2": -87.8438686326056, "status": "ok", "start_time": 1688752989.634333, "duration": 1.6447291374206543}, "current_params": {"N": 500, "iss": 0.9, "lr": 0.9187802178509048, "ridge": 1e-07, "seed": 1234, "sr": 4.224184001973294}}