{"returned_dict": {"loss": 2.9192908128944186, "r2": -0.2096073835803948, "status": "ok", "start_time": 1688755556.6172018, "duration": 1.3898072242736816}, "current_params": {"N": 500, "iss": 0.9, "lr": 0.0033459687263177693, "ridge": 1e-07, "seed": 1234, "sr": 0.38881381374312896}}