{"returned_dict": {"loss": 209.74342762904737, "r2": -63.360018167119506, "status": "ok", "start_time": 1688753878.973693, "duration": 1.3640811443328857}, "current_params": {"N": 500, "iss": 0.9, "lr": 0.015675637477485127, "ridge": 1e-07, "seed": 1234, "sr": 8.323301293667457}}