{"returned_dict": {"loss": 22.99709321565453, "r2": -0.8819202812838517, "status": "ok", "start_time": 1688755303.468276, "duration": 1.3529698848724365}, "current_params": {"N": 500, "iss": 0.9, "lr": 0.003041391485982443, "ridge": 1e-07, "seed": 1234, "sr": 0.5453185792120382}}