{"returned_dict": {"loss": 23.40523732942097, "r2": -0.7146789262135066, "status": "ok", "start_time": 1688754461.829092, "duration": 1.3542118072509766}, "current_params": {"N": 500, "iss": 0.9, "lr": 0.001949548020519852, "ridge": 1e-07, "seed": 1234, "sr": 0.3226348405474758}}