{"returned_dict": {"loss": 23.44186161048675, "r2": -0.6365738970365674, "status": "ok", "start_time": 1688755428.864094, "duration": 1.372035026550293}, "current_params": {"N": 500, "iss": 0.9, "lr": 0.0022208776832486165, "ridge": 1e-07, "seed": 1234, "sr": 0.38470784819126913}}