{"returned_dict": {"loss": 240.6816526770161, "r2": -0.5493912137003242, "status": "ok", "start_time": 1688753911.8850381, "duration": 1.3576817512512207}, "current_params": {"N": 500, "iss": 0.9, "lr": 0.004233385166803992, "ridge": 1e-07, "seed": 1234, "sr": 0.9533191226235032}}