{"returned_dict": {"loss": 240.1388819241507, "r2": -0.5473704805060032, "status": "ok", "start_time": 1688755388.912779, "duration": 1.3504157066345215}, "current_params": {"N": 500, "iss": 0.9, "lr": 0.004143986858637383, "ridge": 1e-07, "seed": 1234, "sr": 0.990032423792991}}