{"returned_dict": {"loss": 246.69261138940837, "r2": -4.965713459580823, "status": "ok", "start_time": 1688754558.5667572, "duration": 1.3807199001312256}, "current_params": {"N": 500, "iss": 0.9, "lr": 0.020947973404360564, "ridge": 1e-07, "seed": 1234, "sr": 5.126759566939397}}