{"returned_dict": {"loss": 262.982145425036, "r2": -5.646296188507136, "status": "ok", "start_time": 1688754599.756809, "duration": 1.9654829502105713}, "current_params": {"N": 500, "iss": 0.9, "lr": 0.03353770330253128, "ridge": 1e-07, "seed": 1234, "sr": 2.1198068680338698}}