{"returned_dict": {"loss": 269.522617987958, "r2": -0.3016674427501817, "status": "ok", "start_time": 1688755484.1251369, "duration": 1.3857581615447998}, "current_params": {"N": 500, "iss": 0.9, "lr": 0.012074538215625902, "ridge": 1e-07, "seed": 1234, "sr": 0.9767013410471923}}