{"returned_dict": {"loss": 28.352291685443266, "r2": -0.6936764361512497, "status": "ok", "start_time": 1688754705.348832, "duration": 1.4058780670166016}, "current_params": {"N": 500, "iss": 0.9, "lr": 0.002001738706933608, "ridge": 1e-07, "seed": 1234, "sr": 0.399368411115016}}