{"returned_dict": {"loss": 28.352291685443266, "r2": -0.6936764361512497, "status": "ok", "start_time": 1688753260.262811, "duration": 1.6491591930389404}, "current_params": {"N": 500, "iss": 0.9, "lr": 0.002001738706933608, "ridge": 1e-07, "seed": 1234, "sr": 0.399368411115016}}