{"returned_dict": {"loss": 28.994047325295146, "r2": -0.4632938890611639, "status": "ok", "start_time": 1688755397.122936, "duration": 1.3656220436096191}, "current_params": {"N": 500, "iss": 0.9, "lr": 0.08493875791208119, "ridge": 1e-07, "seed": 1234, "sr": 1.65113060952745}}