{"returned_dict": {"loss": 288.2622160035306, "r2": -0.2601877081781107, "status": "ok", "start_time": 1688753130.211242, "duration": 1.6373391151428223}, "current_params": {"N": 500, "iss": 0.9, "lr": 0.01349209459388104, "ridge": 1e-07, "seed": 1234, "sr": 1.0616387878921083}}