{"returned_dict": {"loss": 29.374547110083615, "r2": -0.9561187564840625, "status": "ok", "start_time": 1688755351.8986602, "duration": 1.3689489364624023}, "current_params": {"N": 500, "iss": 0.9, "lr": 0.0025277744748336503, "ridge": 1e-07, "seed": 1234, "sr": 0.6381677127841718}}