{"returned_dict": {"loss": 29.65812124953921, "r2": -4.916934944415584, "status": "ok", "start_time": 1688754987.88889, "duration": 1.3484399318695068}, "current_params": {"N": 500, "iss": 0.9, "lr": 0.005007729021893898, "ridge": 1e-07, "seed": 1234, "sr": 1.038532304215145}}