{"returned_dict": {"loss": 3.2024668590596908, "r2": -62.8562474671439, "status": "ok", "start_time": 1688753818.9385002, "duration": 1.3609168529510498}, "current_params": {"N": 500, "iss": 0.9, "lr": 0.2827089960950331, "ridge": 1e-07, "seed": 1234, "sr": 9.019468988959575}}