{"returned_dict": {"loss": 3.593989487796563, "r2": -0.5037124962466047, "status": "ok", "start_time": 1688753895.482516, "duration": 1.4120910167694092}, "current_params": {"N": 500, "iss": 0.9, "lr": 0.0029103225156569203, "ridge": 1e-07, "seed": 1234, "sr": 0.15216710715138818}}