{"returned_dict": {"loss": 3.9170996173921466, "r2": -0.2914338074528298, "status": "ok", "start_time": 1688754460.427165, "duration": 1.4007840156555176}, "current_params": {"N": 500, "iss": 0.9, "lr": 0.004331629980965586, "ridge": 1e-07, "seed": 1234, "sr": 0.1626795681245935}}