{"returned_dict": {"loss": 31.79335206032972, "r2": -11.281584712828971, "status": "ok", "start_time": 1688755323.872731, "duration": 1.3612310886383057}, "current_params": {"N": 500, "iss": 0.9, "lr": 0.11868976127565604, "ridge": 1e-07, "seed": 1234, "sr": 1.9852065082905508}}