{"returned_dict": {"loss": 323.3137505521562, "r2": -1.9419853230369901, "status": "ok", "start_time": 1688754569.623212, "duration": 1.4257657527923584}, "current_params": {"N": 500, "iss": 0.9, "lr": 0.023290415540192212, "ridge": 1e-07, "seed": 1234, "sr": 1.9933094412983592}}