{"returned_dict": {"loss": 330.37329094768876, "r2": -0.5971296193558229, "status": "ok", "start_time": 1688755495.2950778, "duration": 1.3799643516540527}, "current_params": {"N": 500, "iss": 0.9, "lr": 0.0072323578952706025, "ridge": 1e-07, "seed": 1234, "sr": 1.1537694040324933}}