{"returned_dict": {"loss": 345.9997376518629, "r2": -0.8164562341926391, "status": "ok", "start_time": 1688755063.46526, "duration": 1.4032959938049316}, "current_params": {"N": 500, "iss": 0.9, "lr": 0.013776573458598628, "ridge": 1e-07, "seed": 1234, "sr": 1.403726661288753}}