{"returned_dict": {"loss": 366.1332187538199, "r2": -0.6857547520066588, "status": "ok", "start_time": 1688755338.2261372, "duration": 1.3494338989257812}, "current_params": {"N": 500, "iss": 0.9, "lr": 0.004652465849430955, "ridge": 1e-07, "seed": 1234, "sr": 1.2785460350019393}}