{"returned_dict": {"loss": 382.8894366065296, "r2": -15.740167395266186, "status": "ok", "start_time": 1688753187.838146, "duration": 1.6399140357971191}, "current_params": {"N": 500, "iss": 0.9, "lr": 0.012074538215625902, "ridge": 1e-07, "seed": 1234, "sr": 3.928074544493675}}