{"returned_dict": {"loss": 382.8894366065296, "r2": -15.740167395266186, "status": "ok", "start_time": 1688754643.6149728, "duration": 1.38643217086792}, "current_params": {"N": 500, "iss": 0.9, "lr": 0.012074538215625902, "ridge": 1e-07, "seed": 1234, "sr": 3.928074544493675}}