{"returned_dict": {"loss": 388.6631895723676, "r2": -0.6581654514592523, "status": "ok", "start_time": 1688754717.1030421, "duration": 1.4183259010314941}, "current_params": {"N": 500, "iss": 0.9, "lr": 0.0033459687263177693, "ridge": 1e-07, "seed": 1234, "sr": 1.1820828878248948}}