{"returned_dict": {"loss": 39.75374161088637, "r2": -215.97817735622007, "status": "ok", "start_time": 1688752963.4063628, "duration": 1.8851971626281738}, "current_params": {"N": 500, "iss": 0.9, "lr": 0.07250316961973834, "ridge": 1e-07, "seed": 1234, "sr": 2.760363161733829}}