{"returned_dict": {"loss": 390.41200072697364, "r2": -0.7501544985112917, "status": "ok", "start_time": 1688754568.270009, "duration": 1.351881980895996}, "current_params": {"N": 500, "iss": 0.9, "lr": 0.0021754527786438816, "ridge": 1e-07, "seed": 1234, "sr": 2.329799311022338}}