{"returned_dict": {"loss": 390.41200072697364, "r2": -0.7501544985112917, "status": "ok", "start_time": 1688755016.5758898, "duration": 1.3851721286773682}, "current_params": {"N": 500, "iss": 0.9, "lr": 0.0021754527786438816, "ridge": 1e-07, "seed": 1234, "sr": 2.329799311022338}}