{"returned_dict": {"loss": 4.943759213347399, "r2": -323.944309019151, "status": "ok", "start_time": 1688753783.02112, "duration": 1.3541350364685059}, "current_params": {"N": 500, "iss": 0.9, "lr": 0.9886841501638682, "ridge": 1e-07, "seed": 1234, "sr": 4.574545330611019}}