{"returned_dict": {"loss": 40.82321406600922, "r2": -0.3588729043543393, "status": "ok", "start_time": 1688755329.305061, "duration": 1.3516690731048584}, "current_params": {"N": 500, "iss": 0.9, "lr": 0.006605373155785381, "ridge": 1e-07, "seed": 1234, "sr": 0.5073317430391686}}