{"returned_dict": {"loss": 420.96763111578247, "r2": -155.55238375189865, "status": "ok", "start_time": 1688753833.833438, "duration": 1.4579010009765625}, "current_params": {"N": 500, "iss": 0.9, "lr": 0.0014657043717974704, "ridge": 1e-07, "seed": 1234, "sr": 3.3229413943755635}}