{"returned_dict": {"loss": 43.27376425127762, "r2": -0.8272967085163904, "status": "ok", "start_time": 1688755459.5909739, "duration": 1.3976361751556396}, "current_params": {"N": 500, "iss": 0.9, "lr": 0.001511876975040721, "ridge": 1e-07, "seed": 1234, "sr": 0.5057112868498589}}