{"returned_dict": {"loss": 43.6686261338108, "r2": -0.3514755108200718, "status": "ok", "start_time": 1688755458.183094, "duration": 1.4060778617858887}, "current_params": {"N": 500, "iss": 0.9, "lr": 0.006714336361084555, "ridge": 1e-07, "seed": 1234, "sr": 0.5244034529757767}}