{"returned_dict": {"loss": 431.741362673911, "r2": -27.29071279207842, "status": "ok", "start_time": 1688753785.715117, "duration": 1.3719840049743652}, "current_params": {"N": 500, "iss": 0.9, "lr": 0.01750341268204161, "ridge": 1e-07, "seed": 1234, "sr": 3.6652347285793736}}