{"returned_dict": {"loss": 431.741362673911, "r2": -27.29071279207842, "status": "ok", "start_time": 1688754503.541915, "duration": 1.3702991008758545}, "current_params": {"N": 500, "iss": 0.9, "lr": 0.01750341268204161, "ridge": 1e-07, "seed": 1234, "sr": 3.6652347285793736}}