{"returned_dict": {"loss": 44.18225594423237, "r2": -349.8236956057189, "status": "ok", "start_time": 1688753753.771444, "duration": 1.4227848052978516}, "current_params": {"N": 500, "iss": 0.9, "lr": 0.06675090446914045, "ridge": 1e-07, "seed": 1234, "sr": 2.204263457797122}}