{"returned_dict": {"loss": 44.50433954809188, "r2": -0.8116947050346627, "status": "ok", "start_time": 1688755416.4453602, "duration": 1.3676097393035889}, "current_params": {"N": 500, "iss": 0.9, "lr": 0.001438234015621399, "ridge": 1e-07, "seed": 1234, "sr": 0.6991397473769041}}