{"returned_dict": {"loss": 466.12746491143577, "r2": -0.9323404690950511, "status": "ok", "start_time": 1688753123.6461818, "duration": 1.631479024887085}, "current_params": {"N": 500, "iss": 0.9, "lr": 0.0022208776832486165, "ridge": 1e-07, "seed": 1234, "sr": 1.1658340735577974}}