{"returned_dict": {"loss": 490.36298388089364, "r2": -1.1391028095161828, "status": "ok", "start_time": 1688755532.5999072, "duration": 1.3944919109344482}, "current_params": {"N": 500, "iss": 0.9, "lr": 0.0012747559185957923, "ridge": 1e-07, "seed": 1234, "sr": 1.8972856315674878}}