{"returned_dict": {"loss": 492.13358009303505, "r2": -42.96444207981937, "status": "ok", "start_time": 1688755383.445421, "duration": 1.3671410083770752}, "current_params": {"N": 500, "iss": 0.9, "lr": 0.02295730315688215, "ridge": 1e-07, "seed": 1234, "sr": 1.6780271795969788}}