{"returned_dict": {"loss": 5.321098459496339, "r2": -0.6866080735850456, "status": "ok", "start_time": 1688755379.184376, "duration": 1.3666179180145264}, "current_params": {"N": 500, "iss": 0.9, "lr": 0.005007729021893898, "ridge": 1e-07, "seed": 1234, "sr": 0.3520580742189194}}