{"returned_dict": {"loss": 5.475287110454097, "r2": -0.4054994050772875, "status": "ok", "start_time": 1688755375.096978, "duration": 1.3454599380493164}, "current_params": {"N": 500, "iss": 0.9, "lr": 0.003469578608187849, "ridge": 1e-07, "seed": 1234, "sr": 0.16319776306883083}}