{"returned_dict": {"loss": 50.67641322993618, "r2": -0.31853334260838667, "status": "ok", "start_time": 1688755455.411477, "duration": 1.4005727767944336}, "current_params": {"N": 500, "iss": 0.9, "lr": 0.00634949608361273, "ridge": 1e-07, "seed": 1234, "sr": 0.7857311106134265}}