{"returned_dict": {"loss": 51.371635990130976, "r2": -0.44835736324512004, "status": "ok", "start_time": 1688755468.485774, "duration": 1.4138860702514648}, "current_params": {"N": 500, "iss": 0.9, "lr": 0.005534144396068831, "ridge": 1e-07, "seed": 1234, "sr": 0.5150199711669025}}