{"returned_dict": {"loss": 513.5427883385163, "r2": -293.18719783642035, "status": "ok", "start_time": 1688754615.8820522, "duration": 1.4184608459472656}, "current_params": {"N": 500, "iss": 0.9, "lr": 0.00634949608361273, "ridge": 1e-07, "seed": 1234, "sr": 2.9579435824398606}}