{"returned_dict": {"loss": 514.7398851716731, "r2": -0.7179461234394694, "status": "ok", "start_time": 1688755519.23553, "duration": 1.3897390365600586}, "current_params": {"N": 500, "iss": 0.9, "lr": 0.010392855525269699, "ridge": 1e-07, "seed": 1234, "sr": 1.887418857966639}}