{"returned_dict": {"loss": 518.5769037289782, "r2": -12.888206809100417, "status": "ok", "start_time": 1688754649.1312041, "duration": 1.389833927154541}, "current_params": {"N": 500, "iss": 0.9, "lr": 0.014788360119021819, "ridge": 1e-07, "seed": 1234, "sr": 2.64114641301772}}