{"returned_dict": {"loss": 545.1195789864606, "r2": -3.1454493189226045, "status": "ok", "start_time": 1688755139.494069, "duration": 1.4257378578186035}, "current_params": {"N": 500, "iss": 0.9, "lr": 0.01837890418829658, "ridge": 1e-07, "seed": 1234, "sr": 1.6346058937885937}}