{"returned_dict": {"loss": 550.4341829766546, "r2": -0.6196844129971333, "status": "ok", "start_time": 1688755501.007333, "duration": 1.4621310234069824}, "current_params": {"N": 500, "iss": 0.9, "lr": 0.00474765619086868, "ridge": 1e-07, "seed": 1234, "sr": 1.3472145458146776}}