{"returned_dict": {"loss": 559.9363685245984, "r2": -8.661648956039349, "status": "ok", "start_time": 1688755015.178536, "duration": 1.3959321975708008}, "current_params": {"N": 500, "iss": 0.9, "lr": 0.011631913763100198, "ridge": 1e-07, "seed": 1234, "sr": 2.382073180020931}}