{"returned_dict": {"loss": 562.0407143194568, "r2": -0.6413442341530043, "status": "ok", "start_time": 1688752972.255151, "duration": 1.6432499885559082}, "current_params": {"N": 500, "iss": 0.9, "lr": 0.003041391485982443, "ridge": 1e-07, "seed": 1234, "sr": 1.837308485460495}}