{"returned_dict": {"loss": 576.2571102993859, "r2": -1.0722906143876956, "status": "ok", "start_time": 1688753902.328407, "duration": 1.3623218536376953}, "current_params": {"N": 500, "iss": 0.9, "lr": 0.001511876975040721, "ridge": 1e-07, "seed": 1234, "sr": 1.6652785092912932}}