{"returned_dict": {"loss": 595.765172915947, "r2": -1.4499916034509193, "status": "ok", "start_time": 1688754680.184644, "duration": 1.377699851989746}, "current_params": {"N": 500, "iss": 0.9, "lr": 0.010392855525269699, "ridge": 1e-07, "seed": 1234, "sr": 9.272462266637495}}