{"returned_dict": {"loss": 598.9718122804671, "r2": -0.6587567598779565, "status": "ok", "start_time": 1688755448.3572428, "duration": 1.4244511127471924}, "current_params": {"N": 500, "iss": 0.9, "lr": 0.004162641776033228, "ridge": 1e-07, "seed": 1234, "sr": 1.4711148817425204}}