{"returned_dict": {"loss": 6.042884788037615, "r2": -0.8945966081426683, "status": "ok", "start_time": 1688755136.5105731, "duration": 1.5648167133331299}, "current_params": {"N": 500, "iss": 0.9, "lr": 0.0014504618087973706, "ridge": 1e-07, "seed": 1234, "sr": 0.28962112677540425}}