{"returned_dict": {"loss": 61.69869984682882, "r2": -0.9073979405096285, "status": "ok", "start_time": 1688755034.448534, "duration": 1.3763058185577393}, "current_params": {"N": 500, "iss": 0.9, "lr": 0.0011747404553185898, "ridge": 1e-07, "seed": 1234, "sr": 0.7794764412014387}}