{"returned_dict": {"loss": 61.69869984682882, "r2": -0.9073979405096285, "status": "ok", "start_time": 1688753868.0497248, "duration": 1.3445429801940918}, "current_params": {"N": 500, "iss": 0.9, "lr": 0.0011747404553185898, "ridge": 1e-07, "seed": 1234, "sr": 0.7794764412014387}}