{"returned_dict": {"loss": 611.2274484068382, "r2": -5.005087504338667, "status": "ok", "start_time": 1688753290.1116061, "duration": 1.660088062286377}, "current_params": {"N": 500, "iss": 0.9, "lr": 0.004412075877965789, "ridge": 1e-07, "seed": 1234, "sr": 4.09065463051235}}