{"returned_dict": {"loss": 618.233125287141, "r2": -0.7953525224687171, "status": "ok", "start_time": 1688752999.8165078, "duration": 1.7846152782440186}, "current_params": {"N": 500, "iss": 0.9, "lr": 0.0028587399658546522, "ridge": 1e-07, "seed": 1234, "sr": 1.0993945835225665}}