{"returned_dict": {"loss": 619.6014071025447, "r2": -0.6488731405867476, "status": "ok", "start_time": 1688755467.07744, "duration": 1.406463861465454}, "current_params": {"N": 500, "iss": 0.9, "lr": 0.004189980001610144, "ridge": 1e-07, "seed": 1234, "sr": 1.4761554972058764}}