{"returned_dict": {"loss": 635.0916744161943, "r2": -11.58786757499197, "status": "ok", "start_time": 1688753971.704913, "duration": 1.365476131439209}, "current_params": {"N": 500, "iss": 0.9, "lr": 0.008419553121357429, "ridge": 1e-07, "seed": 1234, "sr": 5.615522331680127}}