{"returned_dict": {"loss": 640.681402046618, "r2": -0.9266163599296192, "status": "ok", "start_time": 1688755552.413749, "duration": 1.3968639373779297}, "current_params": {"N": 500, "iss": 0.9, "lr": 0.006965147459842892, "ridge": 1e-07, "seed": 1234, "sr": 1.559825931937824}}