{"returned_dict": {"loss": 65.19281203629849, "r2": -0.9686866146367995, "status": "ok", "start_time": 1688754694.181291, "duration": 1.3808560371398926}, "current_params": {"N": 500, "iss": 0.9, "lr": 0.0010345463215508882, "ridge": 1e-07, "seed": 1234, "sr": 0.7476653587619371}}