{"returned_dict": {"loss": 658.857311118402, "r2": -6.09003214812522, "status": "ok", "start_time": 1688754981.068646, "duration": 1.361665964126587}, "current_params": {"N": 500, "iss": 0.9, "lr": 0.01829156443200663, "ridge": 1e-07, "seed": 1234, "sr": 1.7986325141052375}}