{"returned_dict": {"loss": 662.5287098004646, "r2": -0.5620179725743096, "status": "ok", "start_time": 1688754511.797292, "duration": 1.4413580894470215}, "current_params": {"N": 500, "iss": 0.9, "lr": 0.0025277744748336503, "ridge": 1e-07, "seed": 1234, "sr": 2.2553242781758827}}