{"returned_dict": {"loss": 69.68744959823168, "r2": -1.3245437491480685, "status": "ok", "start_time": 1688755398.490179, "duration": 1.4343187808990479}, "current_params": {"N": 500, "iss": 0.9, "lr": 0.020947973404360564, "ridge": 1e-07, "seed": 1234, "sr": 1.1980546733012445}}