{"returned_dict": {"loss": 693.4033715430838, "r2": -0.6068450347771809, "status": "ok", "start_time": 1688755464.215157, "duration": 1.4371588230133057}, "current_params": {"N": 500, "iss": 0.9, "lr": 0.004043788650283284, "ridge": 1e-07, "seed": 1234, "sr": 1.559046106395505}}