{"returned_dict": {"loss": 7.108372842098608, "r2": -10.925320645778273, "status": "ok", "start_time": 1688753085.6678138, "duration": 1.6392982006072998}, "current_params": {"N": 500, "iss": 0.9, "lr": 0.08493875791208119, "ridge": 1e-07, "seed": 1234, "sr": 7.788673844303673}}