{"returned_dict": {"loss": 7.5828899195705475, "r2": -6.9901649175941145, "status": "ok", "start_time": 1688753011.48817, "duration": 1.6358389854431152}, "current_params": {"N": 500, "iss": 0.9, "lr": 0.10450923140136353, "ridge": 1e-07, "seed": 1234, "sr": 4.997336540870969}}