{"returned_dict": {"loss": 70.62866688445622, "r2": -54.911136137458506, "status": "ok", "start_time": 1688754991.951276, "duration": 1.3592860698699951}, "current_params": {"N": 500, "iss": 0.9, "lr": 0.02295730315688215, "ridge": 1e-07, "seed": 1234, "sr": 7.954497739510182}}