{"returned_dict": {"loss": 71.44141263756633, "r2": -1.20355758256154, "status": "ok", "start_time": 1688753874.8362272, "duration": 1.3958189487457275}, "current_params": {"N": 500, "iss": 0.9, "lr": 0.0012706168633971231, "ridge": 1e-07, "seed": 1234, "sr": 1.2556711601352721}}