{"returned_dict": {"loss": 716.3672947768833, "r2": -0.9578328000242031, "status": "ok", "start_time": 1688755077.3395689, "duration": 1.3863213062286377}, "current_params": {"N": 500, "iss": 0.9, "lr": 0.005534144396068831, "ridge": 1e-07, "seed": 1234, "sr": 1.7053539993996634}}