{"returned_dict": {"loss": 716.3672947768833, "r2": -0.9578328000242031, "status": "ok", "start_time": 1688753910.4933581, "duration": 1.3904378414154053}, "current_params": {"N": 500, "iss": 0.9, "lr": 0.005534144396068831, "ridge": 1e-07, "seed": 1234, "sr": 1.7053539993996634}}