{"returned_dict": {"loss": 750.4208200776499, "r2": -0.5724167413276073, "status": "ok", "start_time": 1688755520.627278, "duration": 1.4078950881958008}, "current_params": {"N": 500, "iss": 0.9, "lr": 0.0064297670646757095, "ridge": 1e-07, "seed": 1234, "sr": 1.3674841479920639}}