{"returned_dict": {"loss": 751.8631171215515, "r2": -0.5694233294565684, "status": "ok", "start_time": 1688755102.7705889, "duration": 1.452181100845337}, "current_params": {"N": 500, "iss": 0.9, "lr": 0.00870996895715053, "ridge": 1e-07, "seed": 1234, "sr": 1.8759964593517808}}