{"returned_dict": {"loss": 77.53389391888537, "r2": -0.7752062981011018, "status": "ok", "start_time": 1688755330.658195, "duration": 1.357043981552124}, "current_params": {"N": 500, "iss": 0.9, "lr": 0.003135528802871368, "ridge": 1e-07, "seed": 1234, "sr": 0.6742458608510943}}