{"returned_dict": {"loss": 794.0940788533344, "r2": -2.6627408059790127, "status": "ok", "start_time": 1688754938.688707, "duration": 1.3487298488616943}, "current_params": {"N": 500, "iss": 0.9, "lr": 0.006605373155785381, "ridge": 1e-07, "seed": 1234, "sr": 1.6722388684853167}}