{"returned_dict": {"loss": 796.9295074613764, "r2": -20.42373339306258, "status": "ok", "start_time": 1688753832.339243, "duration": 1.4930429458618164}, "current_params": {"N": 500, "iss": 0.9, "lr": 0.004143986858637383, "ridge": 1e-07, "seed": 1234, "sr": 3.998119826570732}}