{"returned_dict": {"loss": 8.421368586868217, "r2": -0.27242146608405426, "status": "ok", "start_time": 1688755489.6937249, "duration": 1.398454189300537}, "current_params": {"N": 500, "iss": 0.9, "lr": 0.014788360119021819, "ridge": 1e-07, "seed": 1234, "sr": 0.7203425093340039}}