{"returned_dict": {"loss": 808.2442665568697, "r2": -1.303781644358107, "status": "ok", "start_time": 1688755435.745234, "duration": 1.3778448104858398}, "current_params": {"N": 500, "iss": 0.9, "lr": 0.015675637477485127, "ridge": 1e-07, "seed": 1234, "sr": 1.7373844737901067}}