{"returned_dict": {"loss": 84.25796834050598, "r2": -0.18258473940237932, "status": "ok", "start_time": 1688755343.724103, "duration": 1.3535521030426025}, "current_params": {"N": 500, "iss": 0.9, "lr": 0.01750341268204161, "ridge": 1e-07, "seed": 1234, "sr": 0.9261721390300975}}