{"returned_dict": {"loss": 87.98735382106666, "r2": -80.41553768852856, "status": "ok", "start_time": 1688755111.230747, "duration": 1.4127099514007568}, "current_params": {"N": 500, "iss": 0.9, "lr": 0.043542816329557914, "ridge": 1e-07, "seed": 1234, "sr": 3.1803793940136518}}