{"returned_dict": {"loss": 885.164938693702, "r2": -1.327158344022104, "status": "ok", "start_time": 1688753773.453944, "duration": 1.4133179187774658}, "current_params": {"N": 500, "iss": 0.9, "lr": 0.003135528802871368, "ridge": 1e-07, "seed": 1234, "sr": 2.422966396922964}}