{"returned_dict": {"loss": 9.675623095089938, "r2": -10.66274633735165, "status": "ok", "start_time": 1688753920.0906088, "duration": 1.3509550094604492}, "current_params": {"N": 500, "iss": 0.9, "lr": 0.1228519302926199, "ridge": 1e-07, "seed": 1234, "sr": 3.116205128636743}}