{"returned_dict": {"loss": 915.9253751089994, "r2": -0.4231825456065734, "status": "ok", "start_time": 1688755531.1749241, "duration": 1.4228708744049072}, "current_params": {"N": 500, "iss": 0.9, "lr": 0.008419553121357429, "ridge": 1e-07, "seed": 1234, "sr": 1.2847237170671322}}