{"returned_dict": {"loss": 938.9109362875062, "r2": -1.9047073975198767, "status": "ok", "start_time": 1688755144.3117251, "duration": 1.458777666091919}, "current_params": {"N": 500, "iss": 0.9, "lr": 0.0012747559185957923, "ridge": 1e-07, "seed": 1234, "sr": 9.335710032985542}}