{"returned_dict": {"loss": 0.019303901570648718, "r2": 0.9950913448959445, "status": "ok", "start_time": 1688767392.555734, "duration": 0.28537917137145996}, "current_params": {"N": 100, "iss": 1.2236209758605638, "lr": 0.8650537343752283, "ridge": 1e-07, "seed": 1234, "sr": 0.06914528263358102}}