{"returned_dict": {"loss": 0.01954907678626738, "r2": 0.9950508161423525, "status": "ok", "start_time": 1688771666.935781, "duration": 0.3381330966949463}, "current_params": {"N": 200, "iss": 0.03740595580332948, "lr": 0.5195884549227741, "ridge": 1e-07, "seed": 1234, "sr": 0.06663703905895824}}