{"returned_dict": {"loss": 0.012185353399424448, "r2": 0.9980769174410904, "status": "ok", "start_time": 1688767464.719008, "duration": 0.3632330894470215}, "current_params": {"N": 200, "iss": 0.04213094044474674, "lr": 0.6053395945549399, "ridge": 1e-07, "seed": 1234, "sr": 0.22694378756425196}}