{"returned_dict": {"loss": 0.016227884888642175, "r2": 0.9965834574615279, "status": "ok", "start_time": 1688767349.230516, "duration": 0.3380911350250244}, "current_params": {"N": 100, "iss": 0.015420631725100121, "lr": 0.9794034504292507, "ridge": 1e-07, "seed": 1234, "sr": 0.406069916171604}}