{"returned_dict": {"loss": 0.01381433931363026, "r2": 0.9975110485869808, "status": "ok", "start_time": 1688771613.0117319, "duration": 0.27657604217529297}, "current_params": {"N": 100, "iss": 0.07962327489143851, "lr": 0.6692322890454034, "ridge": 1e-07, "seed": 1234, "sr": 0.5615359008812308}}