{"returned_dict": {"loss": 0.013382838435441762, "r2": 0.9976806141007746, "status": "ok", "start_time": 1688771360.257138, "duration": 0.3529961109161377}, "current_params": {"N": 200, "iss": 0.5583780668165198, "lr": 0.719334282114676, "ridge": 1e-07, "seed": 1234, "sr": 0.5725441273743288}}