{"returned_dict": {"loss": 0.016811412032586865, "r2": 0.9963274912652286, "status": "ok", "start_time": 1688771610.051585, "duration": 0.28896307945251465}, "current_params": {"N": 100, "iss": 0.7235354292437611, "lr": 0.4642713297339475, "ridge": 1e-07, "seed": 1234, "sr": 0.21124106637536544}}