{"returned_dict": {"loss": 0.0176230605460965, "r2": 0.9959699058029393, "status": "ok", "start_time": 1688771599.5598662, "duration": 0.3024756908416748}, "current_params": {"N": 100, "iss": 0.9250629355756035, "lr": 0.5127972912670764, "ridge": 1e-07, "seed": 1234, "sr": 0.16274707399395758}}