{"returned_dict": {"loss": 0.01604924708979608, "r2": 0.9966159578586214, "status": "ok", "start_time": 1688767368.8516212, "duration": 0.2840118408203125}, "current_params": {"N": 100, "iss": 0.06495699993907345, "lr": 0.7169143323529689, "ridge": 1e-07, "seed": 1234, "sr": 0.6609944513624373}}