{"returned_dict": {"loss": 0.014423060543079042, "r2": 0.9973062482545982, "status": "ok", "start_time": 1688771640.439639, "duration": 0.33471202850341797}, "current_params": {"N": 200, "iss": 0.06495699993907345, "lr": 0.7169143323529689, "ridge": 1e-07, "seed": 1234, "sr": 0.6609944513624373}}