{"returned_dict": {"loss": 0.012959560422508476, "r2": 0.9978248225713374, "status": "ok", "start_time": 1688771625.587988, "duration": 0.3481888771057129}, "current_params": {"N": 200, "iss": 0.15216642558625212, "lr": 0.8310012558635559, "ridge": 1e-07, "seed": 1234, "sr": 0.10846116717380935}}