{"returned_dict": {"loss": 0.01630511376418445, "r2": 0.996551344112088, "status": "ok", "start_time": 1688767451.868581, "duration": 0.3375980854034424}, "current_params": {"N": 200, "iss": 1.8789935770676063, "lr": 0.8900744887793843, "ridge": 1e-07, "seed": 1234, "sr": 0.5391845335260332}}