{"returned_dict": {"loss": 0.01278582225371143, "r2": 0.997883154800527, "status": "ok", "start_time": 1688771685.609035, "duration": 0.32700014114379883}, "current_params": {"N": 200, "iss": 0.07962327489143851, "lr": 0.6692322890454034, "ridge": 1e-07, "seed": 1234, "sr": 0.5615359008812308}}