{"returned_dict": {"loss": 0.01369401710192134, "r2": 0.997570707125881, "status": "ok", "start_time": 1688767355.882987, "duration": 0.28261303901672363}, "current_params": {"N": 100, "iss": 0.15216642558625212, "lr": 0.8310012558635559, "ridge": 1e-07, "seed": 1234, "sr": 0.10846116717380935}}