{"returned_dict": {"loss": 0.01673706251901244, "r2": 0.996371007629179, "status": "ok", "start_time": 1688767413.8064709, "duration": 0.3494992256164551}, "current_params": {"N": 200, "iss": 0.015420631725100121, "lr": 0.9794034504292507, "ridge": 1e-07, "seed": 1234, "sr": 0.406069916171604}}