{"returned_dict": {"loss": 0.019486663142954504, "r2": 0.9950774352429533, "status": "ok", "start_time": 1688771677.942881, "duration": 0.3437619209289551}, "current_params": {"N": 200, "iss": 0.09156786005688315, "lr": 0.653912786587225, "ridge": 1e-07, "seed": 1234, "sr": 0.05915136379558775}}