{"returned_dict": {"loss": 0.014008217298749537, "r2": 0.9974541004574465, "status": "ok", "start_time": 1688767360.293155, "duration": 0.28301286697387695}, "current_params": {"N": 100, "iss": 0.5583780668165198, "lr": 0.719334282114676, "ridge": 1e-07, "seed": 1234, "sr": 0.5725441273743288}}