{"returned_dict": {"loss": 0.01586611851675591, "r2": 0.996732808636625, "status": "ok", "start_time": 1688771314.282269, "duration": 0.4892690181732178}, "current_params": {"N": 100, "iss": 1.8789935770676063, "lr": 0.8900744887793843, "ridge": 1e-07, "seed": 1234, "sr": 0.5391845335260332}}