{"returned_dict": {"loss": 0.01609431558063977, "r2": 0.9966454859616073, "status": "ok", "start_time": 1688771682.107815, "duration": 0.3295750617980957}, "current_params": {"N": 200, "iss": 0.7235354292437611, "lr": 0.4642713297339475, "ridge": 1e-07, "seed": 1234, "sr": 0.21124106637536544}}