{"returned_dict": {"loss": 0.016752113834653404, "r2": 0.9963654326233291, "status": "ok", "start_time": 1688771669.6701849, "duration": 0.33165907859802246}, "current_params": {"N": 200, "iss": 0.9250629355756035, "lr": 0.5127972912670764, "ridge": 1e-07, "seed": 1234, "sr": 0.16274707399395758}}