{"returned_dict": {"loss": 0.012987737898066787, "r2": 0.9978110921235827, "status": "ok", "start_time": 1688771325.861674, "duration": 0.2967967987060547}, "current_params": {"N": 100, "iss": 0.04213094044474674, "lr": 0.6053395945549399, "ridge": 1e-07, "seed": 1234, "sr": 0.22694378756425196}}