{"returned_dict": {"loss": 0.01586212050287928, "r2": 0.9967392177531583, "status": "ok", "start_time": 1688771667.277097, "duration": 0.33086109161376953}, "current_params": {"N": 200, "iss": 1.2236209758605638, "lr": 0.8650537343752283, "ridge": 1e-07, "seed": 1234, "sr": 0.06914528263358102}}