{"returned_dict": {"loss": 0.02441317808244754, "r2": 0.9922819086849, "status": "ok", "start_time": 1688771665.855053, "duration": 0.38265299797058105}, "current_params": {"N": 200, "iss": 0.035409788727017596, "lr": 0.37889378400488194, "ridge": 1e-07, "seed": 1234, "sr": 0.08506724634788115}}