{"returned_dict": {"loss": 0.02247674825119934, "r2": 0.9934147271816208, "status": "ok", "start_time": 1688771296.90238, "duration": 0.2985548973083496}, "current_params": {"N": 100, "iss": 0.19572473081864483, "lr": 0.3597071043773894, "ridge": 1e-07, "seed": 1234, "sr": 0.36239365071765844}}