{"returned_dict": {"loss": 0.026025817791336572, "r2": 0.9912178848450451, "status": "ok", "start_time": 1688771577.7438562, "duration": 0.3054187297821045}, "current_params": {"N": 100, "iss": 0.15152959174849054, "lr": 0.3662606306703129, "ridge": 1e-07, "seed": 1234, "sr": 0.08997710721434614}}