{"returned_dict": {"loss": 0.029543753795610497, "r2": 0.9886932420244771, "status": "ok", "start_time": 1688771333.027679, "duration": 0.2926509380340576}, "current_params": {"N": 100, "iss": 0.013228713604996547, "lr": 0.3023968431685586, "ridge": 1e-07, "seed": 1234, "sr": 0.15469564515804274}}