{"returned_dict": {"loss": 0.024561901382796524, "r2": 0.9920300861594314, "status": "ok", "start_time": 1688771606.4534452, "duration": 0.294818639755249}, "current_params": {"N": 100, "iss": 0.09156786005688315, "lr": 0.653912786587225, "ridge": 1e-07, "seed": 1234, "sr": 0.05915136379558775}}