{"returned_dict": {"loss": 0.029209032543518185, "r2": 0.9889319907649111, "status": "ok", "start_time": 1688767357.608711, "duration": 0.29324793815612793}, "current_params": {"N": 100, "iss": 0.036836726871227944, "lr": 0.9886841501638682, "ridge": 1e-07, "seed": 1234, "sr": 1.097775328475012}}