{"returned_dict": {"loss": 0.028792641720305018, "r2": 0.9892508343062673, "status": "ok", "start_time": 1688771286.485971, "duration": 0.3034510612487793}, "current_params": {"N": 100, "iss": 0.072105484032469, "lr": 0.32990593409366, "ridge": 1e-07, "seed": 1234, "sr": 0.09435599735876395}}