{"returned_dict": {"loss": 0.027023508098461643, "r2": 0.9904814342821946, "status": "ok", "start_time": 1688771558.795794, "duration": 0.2784538269042969}, "current_params": {"N": 100, "iss": 0.029516454666066273, "lr": 0.9187802178509048, "ridge": 1e-07, "seed": 1234, "sr": 1.032692450888628}}