{"returned_dict": {"loss": 0.021821907461526197, "r2": 0.9938336597084568, "status": "ok", "start_time": 1688771661.094508, "duration": 0.33960819244384766}, "current_params": {"N": 200, "iss": 0.32652723085332613, "lr": 0.4367736203806123, "ridge": 1e-07, "seed": 1234, "sr": 0.07285406401023505}}