{"returned_dict": {"loss": 0.023164875917389628, "r2": 0.9929748494888427, "status": "ok", "start_time": 1688767392.255563, "duration": 0.29808998107910156}, "current_params": {"N": 100, "iss": 0.03740595580332948, "lr": 0.5195884549227741, "ridge": 1e-07, "seed": 1234, "sr": 0.06663703905895824}}