{"returned_dict": {"loss": 0.029824431497241965, "r2": 0.9873759729601422, "status": "ok", "start_time": 1688771627.699954, "duration": 0.3612089157104492}, "current_params": {"N": 200, "iss": 0.036836726871227944, "lr": 0.9886841501638682, "ridge": 1e-07, "seed": 1234, "sr": 1.097775328475012}}