{"returned_dict": {"loss": 0.02902398404113658, "r2": 0.9890799403806453, "status": "ok", "start_time": 1688767376.552524, "duration": 0.30402302742004395}, "current_params": {"N": 100, "iss": 0.01497616767345651, "lr": 0.3193275230054054, "ridge": 1e-07, "seed": 1234, "sr": 0.1077789693700413}}