{"returned_dict": {"loss": 0.024127970334269472, "r2": 0.9924415009373573, "status": "ok", "start_time": 1688771592.685206, "duration": 0.3036930561065674}, "current_params": {"N": 100, "iss": 0.32652723085332613, "lr": 0.4367736203806123, "ridge": 1e-07, "seed": 1234, "sr": 0.07285406401023505}}