{"returned_dict": {"loss": 0.02333742284588199, "r2": 0.9929288419536332, "status": "ok", "start_time": 1688767431.450658, "duration": 0.38384294509887695}, "current_params": {"N": 200, "iss": 0.19572473081864483, "lr": 0.3597071043773894, "ridge": 1e-07, "seed": 1234, "sr": 0.36239365071765844}}