{"returned_dict": {"loss": 0.02511757788458145, "r2": 0.9918304349216944, "status": "ok", "start_time": 1688771374.445861, "duration": 0.36795496940612793}, "current_params": {"N": 200, "iss": 0.15152959174849054, "lr": 0.3662606306703129, "ridge": 1e-07, "seed": 1234, "sr": 0.08997710721434614}}