{"returned_dict": {"loss": 0.021585864040448433, "r2": 0.9939072323076825, "status": "ok", "start_time": 1688771295.353201, "duration": 0.2891230583190918}, "current_params": {"N": 100, "iss": 0.3518578239464373, "lr": 0.36453999372827345, "ridge": 1e-07, "seed": 1234, "sr": 0.3869682350322041}}