{"returned_dict": {"loss": 0.025591438221509336, "r2": 0.9915101560441627, "status": "ok", "start_time": 1688767391.341978, "duration": 0.3016519546508789}, "current_params": {"N": 100, "iss": 0.035409788727017596, "lr": 0.37889378400488194, "ridge": 1e-07, "seed": 1234, "sr": 0.08506724634788115}}