{"returned_dict": {"loss": 0.02760208123528154, "r2": 0.9901344940247796, "status": "ok", "start_time": 1688771624.159668, "duration": 0.3980090618133545}, "current_params": {"N": 200, "iss": 0.072105484032469, "lr": 0.32990593409366, "ridge": 1e-07, "seed": 1234, "sr": 0.09435599735876395}}