{"returned_dict": {"loss": 0.02200961742958085, "r2": 0.9937121885412905, "status": "ok", "start_time": 1688771634.306519, "duration": 0.3748738765716553}, "current_params": {"N": 200, "iss": 0.3518578239464373, "lr": 0.36453999372827345, "ridge": 1e-07, "seed": 1234, "sr": 0.3869682350322041}}