{"returned_dict": {"loss": 0.02903585343896908, "r2": 0.9890829655683682, "status": "ok", "start_time": 1688771408.197088, "duration": 0.32687902450561523}, "current_params": {"N": 200, "iss": 0.013228713604996547, "lr": 0.3023968431685586, "ridge": 1e-07, "seed": 1234, "sr": 0.15469564515804274}}