{"returned_dict": {"loss": 0.028359545896774575, "r2": 0.9895863421495793, "status": "ok", "start_time": 1688767445.875395, "duration": 0.38360595703125}, "current_params": {"N": 200, "iss": 0.01497616767345651, "lr": 0.3193275230054054, "ridge": 1e-07, "seed": 1234, "sr": 0.1077789693700413}}