{"returned_dict": {"loss": 0.03985661073201623, "r2": 0.9792447620134223, "status": "ok", "start_time": 1688771610.646065, "duration": 0.30400800704956055}, "current_params": {"N": 100, "iss": 1.1509817595839908, "lr": 0.18446995638748817, "ridge": 1e-07, "seed": 1234, "sr": 0.4347059080191151}}