{"returned_dict": {"loss": 0.03863194914009981, "r2": 0.980674529384795, "status": "ok", "start_time": 1688771380.2733052, "duration": 0.3363950252532959}, "current_params": {"N": 200, "iss": 0.16993463273005352, "lr": 0.9489133937634464, "ridge": 1e-07, "seed": 1234, "sr": 0.01325458044830942}}