{"returned_dict": {"loss": 0.03553698929930884, "r2": 0.9836069620174693, "status": "ok", "start_time": 1688771567.108001, "duration": 0.3034250736236572}, "current_params": {"N": 100, "iss": 0.020621562773919137, "lr": 0.867375609082798, "ridge": 1e-07, "seed": 1234, "sr": 0.03787167444863048}}