{"returned_dict": {"loss": 0.030293288752628437, "r2": 0.9879070592393653, "status": "ok", "start_time": 1688767444.775813, "duration": 0.38714599609375}, "current_params": {"N": 200, "iss": 0.6304672513639635, "lr": 0.29991682823976124, "ridge": 1e-07, "seed": 1234, "sr": 0.5978076403415961}}