{"returned_dict": {"loss": 0.030033465978137452, "r2": 0.9871057956707171, "status": "ok", "start_time": 1688771351.323997, "duration": 0.3481130599975586}, "current_params": {"N": 200, "iss": 0.029516454666066273, "lr": 0.9187802178509048, "ridge": 1e-07, "seed": 1234, "sr": 1.032692450888628}}