{"returned_dict": {"loss": 0.038518308838654904, "r2": 0.980788004021102, "status": "ok", "start_time": 1688771582.521795, "duration": 0.30054688453674316}, "current_params": {"N": 100, "iss": 0.16993463273005352, "lr": 0.9489133937634464, "ridge": 1e-07, "seed": 1234, "sr": 0.01325458044830942}}