{"returned_dict": {"loss": 0.03352600098915498, "r2": 0.9850480987221975, "status": "ok", "start_time": 1688771282.149408, "duration": 0.29938602447509766}, "current_params": {"N": 100, "iss": 0.013317871223809629, "lr": 0.2061305930661558, "ridge": 1e-07, "seed": 1234, "sr": 0.46166964739252225}}