{"returned_dict": {"loss": 0.03883832225771803, "r2": 0.9800127545006391, "status": "ok", "start_time": 1688771576.5808508, "duration": 0.28101515769958496}, "current_params": {"N": 100, "iss": 0.12457228267650998, "lr": 0.351101881861253, "ridge": 1e-07, "seed": 1234, "sr": 0.7620878818979939}}