{"returned_dict": {"loss": 0.037672347315010665, "r2": 0.9799616850774878, "status": "ok", "start_time": 1688771608.2555609, "duration": 0.2855532169342041}, "current_params": {"N": 100, "iss": 1.6475168153131596, "lr": 0.5275770821221863, "ridge": 1e-07, "seed": 1234, "sr": 0.8709516406699347}}