{"returned_dict": {"loss": 0.03115062459921664, "r2": 0.9870376734510963, "status": "ok", "start_time": 1688771581.314085, "duration": 0.2935969829559326}, "current_params": {"N": 100, "iss": 0.6304672513639635, "lr": 0.29991682823976124, "ridge": 1e-07, "seed": 1234, "sr": 0.5978076403415961}}