{"returned_dict": {"loss": 0.03255525401083486, "r2": 0.986270186037124, "status": "ok", "start_time": 1688771360.960532, "duration": 0.3365030288696289}, "current_params": {"N": 200, "iss": 0.020621562773919137, "lr": 0.867375609082798, "ridge": 1e-07, "seed": 1234, "sr": 0.03787167444863048}}