{"returned_dict": {"loss": 0.04247470799237927, "r2": 0.9766269514678568, "status": "ok", "start_time": 1688771621.380969, "duration": 0.330380916595459}, "current_params": {"N": 200, "iss": 0.010948131279089708, "lr": 0.5214286704332638, "ridge": 1e-07, "seed": 1234, "sr": 0.034268800216360196}}