{"returned_dict": {"loss": 0.04630978177244518, "r2": 0.972118092929322, "status": "ok", "start_time": 1688771284.038253, "duration": 0.3167097568511963}, "current_params": {"N": 100, "iss": 0.010948131279089708, "lr": 0.5214286704332638, "ridge": 1e-07, "seed": 1234, "sr": 0.034268800216360196}}