{"returned_dict": {"loss": 0.049685541069881406, "r2": 0.968033089085654, "status": "ok", "start_time": 1688771402.0081348, "duration": 0.35269927978515625}, "current_params": {"N": 200, "iss": 0.29906996491810334, "lr": 0.6020967616647952, "ridge": 1e-07, "seed": 1234, "sr": 0.01449392724975577}}