{"returned_dict": {"loss": 0.048081132999034874, "r2": 0.9700732040190734, "status": "ok", "start_time": 1688771622.7376351, "duration": 0.3519589900970459}, "current_params": {"N": 200, "iss": 0.019711005507047498, "lr": 0.35445799713354254, "ridge": 1e-07, "seed": 1234, "sr": 0.03666432815657268}}