{"returned_dict": {"loss": 0.049685541069881406, "r2": 0.968033089085654, "status": "ok", "start_time": 1688771670.723476, "duration": 0.3592262268066406}, "current_params": {"N": 200, "iss": 0.29906996491810334, "lr": 0.6020967616647952, "ridge": 1e-07, "seed": 1234, "sr": 0.01449392724975577}}