{"returned_dict": {"loss": 0.049078915076821404, "r2": 0.9688089750151573, "status": "ok", "start_time": 1688771327.97888, "duration": 0.30037808418273926}, "current_params": {"N": 100, "iss": 0.29906996491810334, "lr": 0.6020967616647952, "ridge": 1e-07, "seed": 1234, "sr": 0.01449392724975577}}