{"returned_dict": {"loss": 0.04265244431614845, "r2": 0.9757340705595622, "status": "ok", "start_time": 1688767476.16225, "duration": 0.36388397216796875}, "current_params": {"N": 200, "iss": 1.6475168153131596, "lr": 0.5275770821221863, "ridge": 1e-07, "seed": 1234, "sr": 0.8709516406699347}}