{"returned_dict": {"loss": 0.04965034489490664, "r2": 0.9679725547187455, "status": "ok", "start_time": 1688771565.0171468, "duration": 0.2935192584991455}, "current_params": {"N": 100, "iss": 1.4493768951470383, "lr": 0.467901402332936, "ridge": 1e-07, "seed": 1234, "sr": 0.03262623041471426}}