{"returned_dict": {"loss": 0.042160770708406466, "r2": 0.9769826216628749, "status": "ok", "start_time": 1688767480.555868, "duration": 0.35269808769226074}, "current_params": {"N": 200, "iss": 0.1920470153230603, "lr": 0.8066803683138792, "ridge": 1e-07, "seed": 1234, "sr": 0.017315632747195178}}