{"returned_dict": {"loss": 0.04623257040458281, "r2": 0.9723178649333158, "status": "ok", "start_time": 1688771629.122127, "duration": 0.34580373764038086}, "current_params": {"N": 200, "iss": 1.4493768951470383, "lr": 0.467901402332936, "ridge": 1e-07, "seed": 1234, "sr": 0.03262623041471426}}