{"returned_dict": {"loss": 0.04706940260354973, "r2": 0.9713075492350173, "status": "ok", "start_time": 1688771664.330184, "duration": 0.5017361640930176}, "current_params": {"N": 200, "iss": 0.15912060667597505, "lr": 0.4985792873346095, "ridge": 1e-07, "seed": 1234, "sr": 0.03076791577184524}}