{"returned_dict": {"loss": 0.04941089751624833, "r2": 0.9682759001632961, "status": "ok", "start_time": 1688767403.9303522, "duration": 0.2960209846496582}, "current_params": {"N": 100, "iss": 0.6362625547460071, "lr": 0.2229557041536738, "ridge": 1e-07, "seed": 1234, "sr": 0.05774225263521144}}