{"returned_dict": {"loss": 0.042983926710865185, "r2": 0.9760450550946378, "status": "ok", "start_time": 1688767406.888115, "duration": 0.3176591396331787}, "current_params": {"N": 100, "iss": 0.2548582684271115, "lr": 0.6850520991863419, "ridge": 1e-07, "seed": 1234, "sr": 0.03118838824562437}}