{"returned_dict": {"loss": 0.040613181329151204, "r2": 0.9786358558818288, "status": "ok", "start_time": 1688771683.127087, "duration": 0.34240174293518066}, "current_params": {"N": 200, "iss": 0.2548582684271115, "lr": 0.6850520991863419, "ridge": 1e-07, "seed": 1234, "sr": 0.03118838824562437}}