{"returned_dict": {"loss": 0.042036210137968565, "r2": 0.9771185272933179, "status": "ok", "start_time": 1688771612.137142, "duration": 0.3037121295928955}, "current_params": {"N": 100, "iss": 0.1920470153230603, "lr": 0.8066803683138792, "ridge": 1e-07, "seed": 1234, "sr": 0.017315632747195178}}