{"returned_dict": {"loss": 0.04147076548086612, "r2": 0.9777284963763705, "status": "ok", "start_time": 1688771383.665743, "duration": 0.3179018497467041}, "current_params": {"N": 200, "iss": 0.28539112935282035, "lr": 0.7574590139415615, "ridge": 1e-07, "seed": 1234, "sr": 0.026278966237107355}}