{"returned_dict": {"loss": 0.04451953668850663, "r2": 0.9743877573244272, "status": "ok", "start_time": 1688771679.6311219, "duration": 0.3828461170196533}, "current_params": {"N": 200, "iss": 0.6362625547460071, "lr": 0.2229557041536738, "ridge": 1e-07, "seed": 1234, "sr": 0.05774225263521144}}