{"returned_dict": {"loss": 0.04963042628064126, "r2": 0.9680347417035966, "status": "ok", "start_time": 1688771595.073371, "duration": 0.30841994285583496}, "current_params": {"N": 100, "iss": 0.15912060667597505, "lr": 0.4985792873346095, "ridge": 1e-07, "seed": 1234, "sr": 0.03076791577184524}}