{"returned_dict": {"loss": 0.04885401713806218, "r2": 0.9692101285294554, "status": "ok", "start_time": 1688767433.4994361, "duration": 0.35394787788391113}, "current_params": {"N": 200, "iss": 0.8231783293195353, "lr": 0.20483824868669812, "ridge": 1e-07, "seed": 1234, "sr": 0.05471717828414795}}