{"returned_dict": {"loss": 0.046613428451774304, "r2": 0.9716618346600753, "status": "ok", "start_time": 1688771619.330057, "duration": 0.33246517181396484}, "current_params": {"N": 200, "iss": 0.013317871223809629, "lr": 0.2061305930661558, "ridge": 1e-07, "seed": 1234, "sr": 0.46166964739252225}}