{"returned_dict": {"loss": 0.0425256359054749, "r2": 0.9765774739535381, "status": "ok", "start_time": 1688767379.952023, "duration": 0.3095970153808594}, "current_params": {"N": 100, "iss": 0.28539112935282035, "lr": 0.7574590139415615, "ridge": 1e-07, "seed": 1234, "sr": 0.026278966237107355}}