{"returned_dict": {"loss": 0.05366042678230612, "r2": 0.9612580183526088, "status": "ok", "start_time": 1688771372.991133, "duration": 0.3779139518737793}, "current_params": {"N": 200, "iss": 0.12457228267650998, "lr": 0.351101881861253, "ridge": 1e-07, "seed": 1234, "sr": 0.7620878818979939}}