{"returned_dict": {"loss": 0.05190253353002781, "r2": 0.9651129128867287, "status": "ok", "start_time": 1688767377.494246, "duration": 0.28578710556030273}, "current_params": {"N": 100, "iss": 0.048026530648138534, "lr": 0.5368645947090773, "ridge": 1e-07, "seed": 1234, "sr": 0.02127652777685764}}