{"returned_dict": {"loss": 0.052199976295285756, "r2": 0.9639258063273036, "status": "ok", "start_time": 1688771682.7647371, "duration": 0.3579368591308594}, "current_params": {"N": 200, "iss": 1.1509817595839908, "lr": 0.18446995638748817, "ridge": 1e-07, "seed": 1234, "sr": 0.4347059080191151}}