{"returned_dict": {"loss": 0.05953482008109957, "r2": 0.9545556805567625, "status": "ok", "start_time": 1688771309.8900962, "duration": 0.30057287216186523}, "current_params": {"N": 100, "iss": 1.8303011882604778, "lr": 0.15693214219369533, "ridge": 1e-07, "seed": 1234, "sr": 0.10240796408060314}}