{"returned_dict": {"loss": 0.05487593627387999, "r2": 0.9608868195343391, "status": "ok", "start_time": 1688771298.408393, "duration": 0.3188910484313965}, "current_params": {"N": 100, "iss": 0.8231783293195353, "lr": 0.20483824868669812, "ridge": 1e-07, "seed": 1234, "sr": 0.05471717828414795}}