{"returned_dict": {"loss": 0.05428516016580004, "r2": 0.9615865539611667, "status": "ok", "start_time": 1688771559.671597, "duration": 0.3096199035644531}, "current_params": {"N": 100, "iss": 0.019711005507047498, "lr": 0.35445799713354254, "ridge": 1e-07, "seed": 1234, "sr": 0.03666432815657268}}