{"returned_dict": {"loss": 0.051668102654913395, "r2": 0.9654311926096186, "status": "ok", "start_time": 1688771389.8950558, "duration": 0.34943532943725586}, "current_params": {"N": 200, "iss": 0.028881905769696462, "lr": 0.5629225816283603, "ridge": 1e-07, "seed": 1234, "sr": 0.011925400888934394}}