{"returned_dict": {"loss": 0.054854967576784035, "r2": 0.9613261024412965, "status": "ok", "start_time": 1688767455.0052, "duration": 0.3429861068725586}, "current_params": {"N": 200, "iss": 0.04648464266133916, "lr": 0.17743219883537267, "ridge": 1e-07, "seed": 1234, "sr": 0.055124822036861226}}