{"returned_dict": {"loss": 0.05217850958258707, "r2": 0.9647476837189414, "status": "ok", "start_time": 1688771650.126477, "duration": 0.36286401748657227}, "current_params": {"N": 200, "iss": 0.048026530648138534, "lr": 0.5368645947090773, "ridge": 1e-07, "seed": 1234, "sr": 0.02127652777685764}}