{"returned_dict": {"loss": 0.05133760301251975, "r2": 0.9658720233588167, "status": "ok", "start_time": 1688767385.5545971, "duration": 0.2913837432861328}, "current_params": {"N": 100, "iss": 0.028881905769696462, "lr": 0.5629225816283603, "ridge": 1e-07, "seed": 1234, "sr": 0.011925400888934394}}