{"returned_dict": {"loss": 0.05977824754378888, "r2": 0.9541403133664117, "status": "ok", "start_time": 1688771650.808418, "duration": 0.3005828857421875}, "current_params": {"N": 200, "iss": 1.8303011882604778, "lr": 0.15693214219369533, "ridge": 1e-07, "seed": 1234, "sr": 0.10240796408060314}}