{"returned_dict": {"loss": 0.06494753228709103, "r2": 0.9456027854362588, "status": "ok", "start_time": 1688771662.796175, "duration": 0.3392670154571533}, "current_params": {"N": 200, "iss": 0.4801974927691469, "lr": 0.23878797952771857, "ridge": 1e-07, "seed": 1234, "sr": 0.03592924956565313}}