{"returned_dict": {"loss": 0.06140883427757132, "r2": 0.9511684168085472, "status": "ok", "start_time": 1688767394.279348, "duration": 0.5032460689544678}, "current_params": {"N": 100, "iss": 0.23759417132009938, "lr": 0.45387657183976754, "ridge": 1e-07, "seed": 1234, "sr": 0.011074399812970792}}