{"returned_dict": {"loss": 0.06759682544464153, "r2": 0.941756844611692, "status": "ok", "start_time": 1688771285.539686, "duration": 0.2962660789489746}, "current_params": {"N": 100, "iss": 1.7611852536251156, "lr": 0.1377633086163006, "ridge": 1e-07, "seed": 1234, "sr": 0.10698059520383917}}