{"returned_dict": {"loss": 0.06079519834191537, "r2": 0.9523177892461764, "status": "ok", "start_time": 1688767384.929335, "duration": 0.3063077926635742}, "current_params": {"N": 100, "iss": 0.04648464266133916, "lr": 0.17743219883537267, "ridge": 1e-07, "seed": 1234, "sr": 0.055124822036861226}}