{"returned_dict": {"loss": 0.06748537834324955, "r2": 0.892583002119574, "status": "ok", "start_time": 1688771575.085977, "duration": 0.28497791290283203}, "current_params": {"N": 100, "iss": 1.5136876046525274, "lr": 0.810807527122514, "ridge": 1e-07, "seed": 1234, "sr": 1.4936427811145803}}