{"returned_dict": {"loss": 0.06129095434792612, "r2": 0.9513558494012863, "status": "ok", "start_time": 1688767465.4454799, "duration": 0.331679105758667}, "current_params": {"N": 200, "iss": 0.23759417132009938, "lr": 0.45387657183976754, "ridge": 1e-07, "seed": 1234, "sr": 0.011074399812970792}}