{"returned_dict": {"loss": 0.06970914385637157, "r2": 0.9382132815462617, "status": "ok", "start_time": 1688771620.7113411, "duration": 0.33037376403808594}, "current_params": {"N": 200, "iss": 0.25209655884620336, "lr": 0.15492403550483738, "ridge": 1e-07, "seed": 1234, "sr": 0.0448292849815314}}