{"returned_dict": {"loss": 0.0676333436745671, "r2": 0.9416065695741426, "status": "ok", "start_time": 1688771623.0927339, "duration": 0.3163290023803711}, "current_params": {"N": 200, "iss": 1.7611852536251156, "lr": 0.1377633086163006, "ridge": 1e-07, "seed": 1234, "sr": 0.10698059520383917}}