{"returned_dict": {"loss": 0.06306124181247104, "r2": 0.9492391230494759, "status": "ok", "start_time": 1688771411.7835572, "duration": 0.34456562995910645}, "current_params": {"N": 200, "iss": 0.8146954346628352, "lr": 0.15674372534107026, "ridge": 1e-07, "seed": 1234, "sr": 0.051339053380901487}}