{"returned_dict": {"loss": 0.07106989582115536, "r2": 0.9353811007766294, "status": "ok", "start_time": 1688771608.544448, "duration": 0.28806614875793457}, "current_params": {"N": 100, "iss": 0.8146954346628352, "lr": 0.15674372534107026, "ridge": 1e-07, "seed": 1234, "sr": 0.051339053380901487}}