{"returned_dict": {"loss": 0.07164227202093941, "r2": 0.9292761687462061, "status": "ok", "start_time": 1688767367.348939, "duration": 0.3047339916229248}, "current_params": {"N": 100, "iss": 0.6685364476628808, "lr": 0.3378461052232361, "ridge": 1e-07, "seed": 1234, "sr": 0.8776545652016747}}