{"returned_dict": {"loss": 0.07584943510080623, "r2": 0.9255011076741853, "status": "ok", "start_time": 1688771586.0984588, "duration": 0.28748321533203125}, "current_params": {"N": 100, "iss": 1.1734420840836255, "lr": 0.35672095572571455, "ridge": 1e-07, "seed": 1234, "sr": 0.013235199706379224}}