{"returned_dict": {"loss": 0.07629085226628805, "r2": 0.9250807056581869, "status": "ok", "start_time": 1688771405.448643, "duration": 0.427778959274292}, "current_params": {"N": 200, "iss": 0.28310178544299003, "lr": 0.12183627042316367, "ridge": 1e-07, "seed": 1234, "sr": 0.30307947233137805}}