{"returned_dict": {"loss": 0.07434382337638092, "r2": 0.9284481098259506, "status": "ok", "start_time": 1688771646.2872052, "duration": 0.33723974227905273}, "current_params": {"N": 200, "iss": 0.026558068633629524, "lr": 0.35466620466692017, "ridge": 1e-07, "seed": 1234, "sr": 0.014291445952719585}}