{"returned_dict": {"loss": 0.07418503442980276, "r2": 0.9285341694226603, "status": "ok", "start_time": 1688771321.709047, "duration": 0.281857967376709}, "current_params": {"N": 100, "iss": 0.4801974927691469, "lr": 0.23878797952771857, "ridge": 1e-07, "seed": 1234, "sr": 0.03592924956565313}}