{"returned_dict": {"loss": 0.07552954218386655, "r2": 0.9261283368298628, "status": "ok", "start_time": 1688767374.065815, "duration": 0.29967308044433594}, "current_params": {"N": 100, "iss": 0.026558068633629524, "lr": 0.35466620466692017, "ridge": 1e-07, "seed": 1234, "sr": 0.014291445952719585}}