{"returned_dict": {"loss": 0.07480553906982727, "r2": 0.9275487987622194, "status": "ok", "start_time": 1688767450.483628, "duration": 0.343613862991333}, "current_params": {"N": 200, "iss": 1.1734420840836255, "lr": 0.35672095572571455, "ridge": 1e-07, "seed": 1234, "sr": 0.013235199706379224}}