{"returned_dict": {"loss": 0.08589771235395705, "r2": 0.9044619431062628, "status": "ok", "start_time": 1688771556.3957708, "duration": 0.29594922065734863}, "current_params": {"N": 100, "iss": 0.5263234878771329, "lr": 0.3092209407645961, "ridge": 1e-07, "seed": 1234, "sr": 0.014058079688761039}}