{"returned_dict": {"loss": 0.08705277030537739, "r2": 0.9020556138581813, "status": "ok", "start_time": 1688767387.064502, "duration": 0.315173864364624}, "current_params": {"N": 100, "iss": 0.7444171872669293, "lr": 0.2678160392452247, "ridge": 1e-07, "seed": 1234, "sr": 0.02194784635166091}}