{"returned_dict": {"loss": 0.08257510159039022, "r2": 0.9135790544204195, "status": "ok", "start_time": 1688767399.2471738, "duration": 0.3130161762237549}, "current_params": {"N": 100, "iss": 0.28310178544299003, "lr": 0.12183627042316367, "ridge": 1e-07, "seed": 1234, "sr": 0.30307947233137805}}