{"returned_dict": {"loss": 0.08083586849484291, "r2": 0.9165860602630967, "status": "ok", "start_time": 1688767351.30527, "duration": 0.34006404876708984}, "current_params": {"N": 100, "iss": 0.25209655884620336, "lr": 0.15492403550483738, "ridge": 1e-07, "seed": 1234, "sr": 0.0448292849815314}}