{"returned_dict": {"loss": 0.0893530278272775, "r2": 0.9001528335793291, "status": "ok", "start_time": 1688771295.6446269, "duration": 0.3398551940917969}, "current_params": {"N": 100, "iss": 0.28068987607418955, "lr": 0.10803678961379123, "ridge": 1e-07, "seed": 1234, "sr": 0.10410627262812046}}