{"returned_dict": {"loss": 0.0857747165938942, "r2": 0.9072834433807162, "status": "ok", "start_time": 1688771634.684691, "duration": 0.32290101051330566}, "current_params": {"N": 200, "iss": 0.28068987607418955, "lr": 0.10803678961379123, "ridge": 1e-07, "seed": 1234, "sr": 0.10410627262812046}}