{"returned_dict": {"loss": 0.08289897247943535, "r2": 0.9117202485364886, "status": "ok", "start_time": 1688771369.030705, "duration": 0.3968660831451416}, "current_params": {"N": 200, "iss": 0.7333776079284443, "lr": 0.22465784634152092, "ridge": 1e-07, "seed": 1234, "sr": 0.029236188620260253}}