{"returned_dict": {"loss": 0.08886514446208264, "r2": 0.8982265948662761, "status": "ok", "start_time": 1688771573.617068, "duration": 0.2844820022583008}, "current_params": {"N": 100, "iss": 0.7333776079284443, "lr": 0.22465784634152092, "ridge": 1e-07, "seed": 1234, "sr": 0.029236188620260253}}