{"returned_dict": {"loss": 0.0852389431899983, "r2": 0.9063018752499596, "status": "ok", "start_time": 1688771660.419072, "duration": 0.3116319179534912}, "current_params": {"N": 200, "iss": 0.7444171872669293, "lr": 0.2678160392452247, "ridge": 1e-07, "seed": 1234, "sr": 0.02194784635166091}}