{"returned_dict": {"loss": 0.084245068180545, "r2": 0.9081454444088825, "status": "ok", "start_time": 1688767414.158092, "duration": 0.3846018314361572}, "current_params": {"N": 200, "iss": 0.5263234878771329, "lr": 0.3092209407645961, "ridge": 1e-07, "seed": 1234, "sr": 0.014058079688761039}}