{"returned_dict": {"loss": 0.09277137927238162, "r2": 0.8919945208102771, "status": "ok", "start_time": 1688767449.1292748, "duration": 0.3151371479034424}, "current_params": {"N": 200, "iss": 0.6087561920221398, "lr": 0.10015288691890604, "ridge": 1e-07, "seed": 1234, "sr": 0.10464857178698114}}