{"returned_dict": {"loss": 0.09822931338277872, "r2": 0.8803595067250738, "status": "ok", "start_time": 1688771584.921002, "duration": 0.2838451862335205}, "current_params": {"N": 100, "iss": 0.6087561920221398, "lr": 0.10015288691890604, "ridge": 1e-07, "seed": 1234, "sr": 0.10464857178698114}}