{"returned_dict": {"loss": 0.1051233891831634, "r2": 0.8601319656583194, "status": "ok", "start_time": 1688771662.143171, "duration": 0.34258389472961426}, "current_params": {"N": 200, "iss": 0.16747363538619506, "lr": 0.1703557235664027, "ridge": 1e-07, "seed": 1234, "sr": 0.026712538153634356}}