{"returned_dict": {"loss": 0.10524393208615651, "r2": 0.8566274474519355, "status": "ok", "start_time": 1688767439.4919412, "duration": 0.31923675537109375}, "current_params": {"N": 200, "iss": 0.013936740742508643, "lr": 0.2538684770646217, "ridge": 1e-07, "seed": 1234, "sr": 0.010614079170060181}}