{"returned_dict": {"loss": 0.10685320625066186, "r2": 0.8521676821062684, "status": "ok", "start_time": 1688771303.264881, "duration": 0.30434107780456543}, "current_params": {"N": 100, "iss": 0.013936740742508643, "lr": 0.2538684770646217, "ridge": 1e-07, "seed": 1234, "sr": 0.010614079170060181}}