{"returned_dict": {"loss": 0.1108103237453693, "r2": 0.8440501453731374, "status": "ok", "start_time": 1688771593.574075, "duration": 0.30366992950439453}, "current_params": {"N": 100, "iss": 0.16747363538619506, "lr": 0.1703557235664027, "ridge": 1e-07, "seed": 1234, "sr": 0.026712538153634356}}