{"returned_dict": {"loss": 0.1123055568253095, "r2": 0.8386285963953686, "status": "ok", "start_time": 1688767421.495937, "duration": 0.32852983474731445}, "current_params": {"N": 200, "iss": 0.9294673467510791, "lr": 0.1953924842255817, "ridge": 1e-07, "seed": 1234, "sr": 0.019246913975603828}}