{"returned_dict": {"loss": 0.11410276885475627, "r2": 0.8342003186121199, "status": "ok", "start_time": 1688767361.446225, "duration": 0.2869229316711426}, "current_params": {"N": 100, "iss": 0.05390913627090893, "lr": 0.08409864424316024, "ridge": 1e-07, "seed": 1234, "sr": 0.3519346656293048}}