{"returned_dict": {"loss": 0.115798477087942, "r2": 0.8275646158852376, "status": "ok", "start_time": 1688767356.1672268, "duration": 0.28626322746276855}, "current_params": {"N": 100, "iss": 0.9294673467510791, "lr": 0.1953924842255817, "ridge": 1e-07, "seed": 1234, "sr": 0.019246913975603828}}