{"returned_dict": {"loss": 0.12431833037092432, "r2": 0.8001894192292375, "status": "ok", "start_time": 1688767466.806932, "duration": 0.3669271469116211}, "current_params": {"N": 200, "iss": 0.1045676611377283, "lr": 0.2085487244177046, "ridge": 1e-07, "seed": 1234, "sr": 0.011061193282092317}}