{"returned_dict": {"loss": 0.12742540939072786, "r2": 0.789881457454433, "status": "ok", "start_time": 1688771327.694923, "duration": 0.28121399879455566}, "current_params": {"N": 100, "iss": 0.1045676611377283, "lr": 0.2085487244177046, "ridge": 1e-07, "seed": 1234, "sr": 0.011061193282092317}}