{"returned_dict": {"loss": 0.12990769283187956, "r2": 0.7980891385811454, "status": "ok", "start_time": 1688771322.8744378, "duration": 0.2865121364593506}, "current_params": {"N": 100, "iss": 0.012610039080151177, "lr": 0.0914851365421383, "ridge": 1e-07, "seed": 1234, "sr": 0.3951446287240592}}