{"returned_dict": {"loss": 0.13937634345900515, "r2": 0.7514047040037077, "status": "ok", "start_time": 1688771328.5858319, "duration": 0.29488110542297363}, "current_params": {"N": 100, "iss": 0.3996349511405625, "lr": 0.1583702239951588, "ridge": 1e-07, "seed": 1234, "sr": 0.01752949717195784}}