{"returned_dict": {"loss": 0.13239361736360944, "r2": 0.7775288888994388, "status": "ok", "start_time": 1688771402.710412, "duration": 0.32575488090515137}, "current_params": {"N": 200, "iss": 0.3996349511405625, "lr": 0.1583702239951588, "ridge": 1e-07, "seed": 1234, "sr": 0.01752949717195784}}