{"returned_dict": {"loss": 0.13937634345900515, "r2": 0.7514047040037077, "status": "ok", "start_time": 1688767396.7626612, "duration": 0.3113069534301758}, "current_params": {"N": 100, "iss": 0.3996349511405625, "lr": 0.1583702239951588, "ridge": 1e-07, "seed": 1234, "sr": 0.01752949717195784}}