{"returned_dict": {"loss": 0.13635506644340842, "r2": 0.7746497803725934, "status": "ok", "start_time": 1688771375.975569, "duration": 0.3553440570831299}, "current_params": {"N": 200, "iss": 0.0621255620081698, "lr": 0.07201346307149097, "ridge": 1e-07, "seed": 1234, "sr": 0.09927193014480501}}