{"returned_dict": {"loss": 0.13102525936298165, "r2": 0.7919502107965471, "status": "ok", "start_time": 1688771368.5597749, "duration": 0.46773815155029297}, "current_params": {"N": 200, "iss": 0.6685364476628808, "lr": 0.3378461052232361, "ridge": 1e-07, "seed": 1234, "sr": 0.8776545652016747}}