{"returned_dict": {"loss": 0.143088029464938, "r2": 0.7406749724680912, "status": "ok", "start_time": 1688767436.8758998, "duration": 0.38170814514160156}, "current_params": {"N": 200, "iss": 1.5136876046525274, "lr": 0.810807527122514, "ridge": 1e-07, "seed": 1234, "sr": 1.4936427811145803}}