{"returned_dict": {"loss": 0.14843417214230262, "r2": 0.7153027628078129, "status": "ok", "start_time": 1688771564.168524, "duration": 0.28328609466552734}, "current_params": {"N": 100, "iss": 0.8952571186412112, "lr": 0.173912913814763, "ridge": 1e-07, "seed": 1234, "sr": 0.011308591383101928}}