{"returned_dict": {"loss": 0.14344521203846983, "r2": 0.7346527336455709, "status": "ok", "start_time": 1688767423.4724228, "duration": 0.3299992084503174}, "current_params": {"N": 200, "iss": 0.8952571186412112, "lr": 0.173912913814763, "ridge": 1e-07, "seed": 1234, "sr": 0.011308591383101928}}