{"returned_dict": {"loss": 0.1570766277078204, "r2": 0.7240794003045767, "status": "ok", "start_time": 1688771305.0834901, "duration": 0.31189870834350586}, "current_params": {"N": 100, "iss": 0.0621255620081698, "lr": 0.07201346307149097, "ridge": 1e-07, "seed": 1234, "sr": 0.09927193014480501}}