{"returned_dict": {"loss": 0.15772087176599814, "r2": 0.688951665005766, "status": "ok", "start_time": 1688771654.174735, "duration": 0.37083983421325684}, "current_params": {"N": 200, "iss": 0.027769480697204727, "lr": 0.12536865035721087, "ridge": 1e-07, "seed": 1234, "sr": 0.016819314626272185}}