{"returned_dict": {"loss": 0.16100344430223182, "r2": 0.6848847214073389, "status": "ok", "start_time": 1688771363.004169, "duration": 0.3303689956665039}, "current_params": {"N": 200, "iss": 0.6225975433764948, "lr": 0.060247959530763395, "ridge": 1e-07, "seed": 1234, "sr": 0.11016389609855753}}