{"returned_dict": {"loss": 0.16808553060013795, "r2": 0.6421590781193508, "status": "ok", "start_time": 1688767381.1742458, "duration": 0.29103517532348633}, "current_params": {"N": 100, "iss": 0.027769480697204727, "lr": 0.12536865035721087, "ridge": 1e-07, "seed": 1234, "sr": 0.016819314626272185}}