{"returned_dict": {"loss": 0.1834878273859587, "r2": 0.6601857121201186, "status": "ok", "start_time": 1688767427.509123, "duration": 0.33713197708129883}, "current_params": {"N": 200, "iss": 0.05390913627090893, "lr": 0.08409864424316024, "ridge": 1e-07, "seed": 1234, "sr": 0.3519346656293048}}