{"returned_dict": {"loss": 0.18221308308527248, "r2": 0.66086974290111, "status": "ok", "start_time": 1688771408.5271099, "duration": 0.33754801750183105}, "current_params": {"N": 200, "iss": 1.0659210664156098, "lr": 0.05979777023560263, "ridge": 1e-07, "seed": 1234, "sr": 0.0748180686407177}}