{"returned_dict": {"loss": 0.18838884006341672, "r2": 0.5882534129358207, "status": "ok", "start_time": 1688767422.1522791, "duration": 0.3347640037536621}, "current_params": {"N": 200, "iss": 0.050769240244673004, "lr": 0.09201201301388376, "ridge": 1e-07, "seed": 1234, "sr": 0.021700268447826285}}