{"returned_dict": {"loss": 0.18642061434538096, "r2": 0.6447220821849639, "status": "ok", "start_time": 1688771358.886864, "duration": 0.36592912673950195}, "current_params": {"N": 200, "iss": 1.0218317835816682, "lr": 0.057481540127628225, "ridge": 1e-07, "seed": 1234, "sr": 0.07919362552157379}}