{"returned_dict": {"loss": 0.19443645522024725, "r2": 0.5514509360942182, "status": "ok", "start_time": 1688771288.7229161, "duration": 0.3161628246307373}, "current_params": {"N": 100, "iss": 0.050769240244673004, "lr": 0.09201201301388376, "ridge": 1e-07, "seed": 1234, "sr": 0.021700268447826285}}