{"returned_dict": {"loss": 0.19783969939876958, "r2": 0.5947252117697213, "status": "ok", "start_time": 1688771294.747991, "duration": 0.30408596992492676}, "current_params": {"N": 100, "iss": 0.6225975433764948, "lr": 0.060247959530763395, "ridge": 1e-07, "seed": 1234, "sr": 0.11016389609855753}}