{"returned_dict": {"loss": 0.1961128748972295, "r2": 0.5800922909701619, "status": "ok", "start_time": 1688771333.631587, "duration": 0.2980029582977295}, "current_params": {"N": 100, "iss": 0.08571012587683466, "lr": 0.06013171745318184, "ridge": 1e-07, "seed": 1234, "sr": 0.25075028619403034}}