{"returned_dict": {"loss": 0.20406796024870302, "r2": 0.5400927691423317, "status": "ok", "start_time": 1688771604.01789, "duration": 0.2961699962615967}, "current_params": {"N": 100, "iss": 0.015812764593584654, "lr": 0.05768426240082132, "ridge": 1e-07, "seed": 1234, "sr": 0.2129249285661064}}