{"returned_dict": {"loss": 0.20584164068412, "r2": 0.6133170698033958, "status": "ok", "start_time": 1688767461.270891, "duration": 0.3320751190185547}, "current_params": {"N": 200, "iss": 0.012610039080151177, "lr": 0.0914851365421383, "ridge": 1e-07, "seed": 1234, "sr": 0.3951446287240592}}