{"returned_dict": {"loss": 0.20417903411220292, "r2": -0.1167323085384842, "status": "ok", "start_time": 1688771320.508471, "duration": 0.2874259948730469}, "current_params": {"N": 100, "iss": 0.06183603566289303, "lr": 0.6811753255192898, "ridge": 1e-07, "seed": 1234, "sr": 1.6049007455768418}}