{"returned_dict": {"loss": 0.20187977082524977, "r2": 0.6064454570900236, "status": "ok", "start_time": 1688767412.116588, "duration": 0.3617069721221924}, "current_params": {"N": 200, "iss": 0.9572532798783558, "lr": 0.06679554327816328, "ridge": 1e-07, "seed": 1234, "sr": 0.049122283667603205}}