{"returned_dict": {"loss": 0.2068761962286466, "r2": 0.4782307007016824, "status": "ok", "start_time": 1688771624.561298, "duration": 0.3449571132659912}, "current_params": {"N": 200, "iss": 0.06743865114299237, "lr": 0.13440662792423172, "ridge": 1e-07, "seed": 1234, "sr": 0.5729596831111188}}