{"returned_dict": {"loss": 0.22399237271140682, "r2": 0.5320049708537655, "status": "ok", "start_time": 1688771561.1854699, "duration": 0.29251813888549805}, "current_params": {"N": 100, "iss": 0.06743865114299237, "lr": 0.13440662792423172, "ridge": 1e-07, "seed": 1234, "sr": 0.5729596831111188}}