{"returned_dict": {"loss": 0.2200804409221854, "r2": 0.5497508427245066, "status": "ok", "start_time": 1688767473.850566, "duration": 0.30864620208740234}, "current_params": {"N": 200, "iss": 0.08571012587683466, "lr": 0.06013171745318184, "ridge": 1e-07, "seed": 1234, "sr": 0.25075028619403034}}