{"returned_dict": {"loss": 0.23609545767957396, "r2": 0.35157994991889036, "status": "ok", "start_time": 1688767474.856021, "duration": 0.3538539409637451}, "current_params": {"N": 200, "iss": 0.15272927299461667, "lr": 0.07548680318122612, "ridge": 1e-07, "seed": 1234, "sr": 0.01549245891131661}}