{"returned_dict": {"loss": 0.23314257665931423, "r2": 0.5392317706523048, "status": "ok", "start_time": 1688771333.3231401, "duration": 0.30559587478637695}, "current_params": {"N": 100, "iss": 1.0659210664156098, "lr": 0.05979777023560263, "ridge": 1e-07, "seed": 1234, "sr": 0.0748180686407177}}