{"returned_dict": {"loss": 0.23833071584035395, "r2": 0.48752116332417766, "status": "ok", "start_time": 1688767471.411117, "duration": 0.34857606887817383}, "current_params": {"N": 200, "iss": 0.015812764593584654, "lr": 0.05768426240082132, "ridge": 1e-07, "seed": 1234, "sr": 0.2129249285661064}}