{"returned_dict": {"loss": 0.2318101772999915, "r2": 0.5139315612812284, "status": "ok", "start_time": 1688771279.990796, "duration": 0.35802483558654785}, "current_params": {"N": 100, "iss": 0.9572532798783558, "lr": 0.06679554327816328, "ridge": 1e-07, "seed": 1234, "sr": 0.049122283667603205}}