{"returned_dict": {"loss": 0.24082422762857914, "r2": 0.30078180284033834, "status": "ok", "start_time": 1688771607.0333052, "duration": 0.2992708683013916}, "current_params": {"N": 100, "iss": 0.15272927299461667, "lr": 0.07548680318122612, "ridge": 1e-07, "seed": 1234, "sr": 0.01549245891131661}}