{"returned_dict": {"loss": 0.2449190994806855, "r2": 0.5107266504082183, "status": "ok", "start_time": 1688771565.313556, "duration": 0.319612979888916}, "current_params": {"N": 100, "iss": 1.0218317835816682, "lr": 0.057481540127628225, "ridge": 1e-07, "seed": 1234, "sr": 0.07919362552157379}}