{"returned_dict": {"loss": 0.2819062179956122, "r2": 0.30841033391539346, "status": "ok", "start_time": 1688767352.681018, "duration": 0.34322381019592285}, "current_params": {"N": 100, "iss": 0.7584543713898786, "lr": 0.27685374484311337, "ridge": 1e-07, "seed": 1234, "sr": 1.0718258406733134}}