{"returned_dict": {"loss": 0.28004203260712185, "r2": 0.3084188070977956, "status": "ok", "start_time": 1688771567.980063, "duration": 0.30283117294311523}, "current_params": {"N": 100, "iss": 0.09704882510487747, "lr": 0.27385907525426506, "ridge": 1e-07, "seed": 1234, "sr": 1.0701795987165166}}