{"returned_dict": {"loss": 0.2900726256182573, "r2": 0.1826920693138354, "status": "ok", "start_time": 1688767371.637399, "duration": 0.3074791431427002}, "current_params": {"N": 100, "iss": 0.10493241249467411, "lr": 0.054169337705025376, "ridge": 1e-07, "seed": 1234, "sr": 0.020638764655503225}}