{"returned_dict": {"loss": 0.29242677812428486, "r2": 0.24657359317589347, "status": "ok", "start_time": 1688767379.025623, "duration": 0.31644392013549805}, "current_params": {"N": 100, "iss": 0.3208596974128282, "lr": 0.05729573294171989, "ridge": 1e-07, "seed": 1234, "sr": 0.02564620873405983}}