{"returned_dict": {"loss": 0.30199634822455756, "r2": 0.2572387208259921, "status": "ok", "start_time": 1688771651.773025, "duration": 0.33507204055786133}, "current_params": {"N": 200, "iss": 0.3208596974128282, "lr": 0.05729573294171989, "ridge": 1e-07, "seed": 1234, "sr": 0.02564620873405983}}