{"returned_dict": {"loss": 0.3069732578914326, "r2": 0.04199387069694035, "status": "ok", "start_time": 1688771570.371458, "duration": 0.29064297676086426}, "current_params": {"N": 100, "iss": 0.013582831390203064, "lr": 0.039950389623756244, "ridge": 1e-07, "seed": 1234, "sr": 0.014995438741025907}}