{"returned_dict": {"loss": 0.3059720142481222, "r2": 0.20056877604472534, "status": "ok", "start_time": 1688771643.549954, "duration": 0.3381478786468506}, "current_params": {"N": 200, "iss": 0.10493241249467411, "lr": 0.054169337705025376, "ridge": 1e-07, "seed": 1234, "sr": 0.020638764655503225}}