{"returned_dict": {"loss": 0.3158827753005719, "r2": 0.0015573042682859306, "status": "ok", "start_time": 1688767405.111531, "duration": 0.28296399116516113}, "current_params": {"N": 100, "iss": 0.08033492395899978, "lr": 0.031709557696495, "ridge": 1e-07, "seed": 1234, "sr": 0.011691857812787363}}