{"returned_dict": {"loss": 0.3109386961295326, "r2": -0.3022784101976815, "status": "ok", "start_time": 1688767458.483357, "duration": 0.3442699909210205}, "current_params": {"N": 200, "iss": 0.06183603566289303, "lr": 0.6811753255192898, "ridge": 1e-07, "seed": 1234, "sr": 1.6049007455768418}}