{"returned_dict": {"loss": 0.32471245113841596, "r2": 0.005838503349553011, "status": "ok", "start_time": 1688767477.1883168, "duration": 0.313549280166626}, "current_params": {"N": 200, "iss": 0.08033492395899978, "lr": 0.031709557696495, "ridge": 1e-07, "seed": 1234, "sr": 0.011691857812787363}}