{"returned_dict": {"loss": 0.3260243639329438, "r2": 0.056782909617308475, "status": "ok", "start_time": 1688767430.597307, "duration": 0.44206881523132324}, "current_params": {"N": 200, "iss": 0.013582831390203064, "lr": 0.039950389623756244, "ridge": 1e-07, "seed": 1234, "sr": 0.014995438741025907}}