{"returned_dict": {"loss": 0.32529204982626103, "r2": 0.09419506298178504, "status": "ok", "start_time": 1688767382.2288141, "duration": 0.3981339931488037}, "current_params": {"N": 100, "iss": 0.035676605044381866, "lr": 0.13565077644388218, "ridge": 1e-07, "seed": 1234, "sr": 0.71773659755549}}