{"returned_dict": {"loss": 0.3342116858079027, "r2": 0.018700679264246012, "status": "ok", "start_time": 1688767362.044137, "duration": 0.31574010848999023}, "current_params": {"N": 100, "iss": 1.046498544657943, "lr": 0.0329584913173178, "ridge": 1e-07, "seed": 1234, "sr": 0.01702144049580029}}