{"returned_dict": {"loss": 0.3413900383409636, "r2": -0.010241108000056029, "status": "ok", "start_time": 1688771558.2076612, "duration": 0.2954378128051758}, "current_params": {"N": 100, "iss": 0.016012191208773244, "lr": 0.025202620361693902, "ridge": 1e-07, "seed": 1234, "sr": 0.01429361795847604}}