{"returned_dict": {"loss": 0.3503612696097668, "r2": -0.01267172097470115, "status": "ok", "start_time": 1688771573.904547, "duration": 0.29618382453918457}, "current_params": {"N": 100, "iss": 0.010891667367358505, "lr": 0.021499031132021465, "ridge": 1e-07, "seed": 1234, "sr": 0.01047149309139524}}