{"returned_dict": {"loss": 0.35353276076268436, "r2": -0.01614124200116107, "status": "ok", "start_time": 1688767435.285451, "duration": 0.4418601989746094}, "current_params": {"N": 200, "iss": 0.010891667367358505, "lr": 0.021499031132021465, "ridge": 1e-07, "seed": 1234, "sr": 0.01047149309139524}}