{"returned_dict": {"loss": 0.36259075525902557, "r2": -0.0054869005651767555, "status": "ok", "start_time": 1688771621.0444329, "duration": 0.33344006538391113}, "current_params": {"N": 200, "iss": 0.016012191208773244, "lr": 0.025202620361693902, "ridge": 1e-07, "seed": 1234, "sr": 0.01429361795847604}}