{"returned_dict": {"loss": 0.3762100870710107, "r2": 0.02861406674840668, "status": "ok", "start_time": 1688771632.96258, "duration": 0.34679603576660156}, "current_params": {"N": 200, "iss": 1.046498544657943, "lr": 0.0329584913173178, "ridge": 1e-07, "seed": 1234, "sr": 0.01702144049580029}}