{"returned_dict": {"loss": 0.39763195101503807, "r2": -0.017485262568287235, "status": "ok", "start_time": 1688767478.52021, "duration": 0.31377196311950684}, "current_params": {"N": 200, "iss": 0.7583716191005034, "lr": 0.015872813072111937, "ridge": 1e-07, "seed": 1234, "sr": 0.013037929964767997}}