{"returned_dict": {"loss": 0.39234719014601294, "r2": -0.9892667355194747, "status": "ok", "start_time": 1688767452.2087722, "duration": 0.35498976707458496}, "current_params": {"N": 200, "iss": 0.035676605044381866, "lr": 0.13565077644388218, "ridge": 1e-07, "seed": 1234, "sr": 0.71773659755549}}