{"returned_dict": {"loss": 0.3947271369084417, "r2": -0.012832366347762155, "status": "ok", "start_time": 1688767406.2774122, "duration": 0.2879178524017334}, "current_params": {"N": 100, "iss": 0.7583716191005034, "lr": 0.015872813072111937, "ridge": 1e-07, "seed": 1234, "sr": 0.013037929964767997}}