{"returned_dict": {"loss": 0.4267749617517096, "r2": -0.01805404296621475, "status": "ok", "start_time": 1688771322.293938, "duration": 0.2890479564666748}, "current_params": {"N": 100, "iss": 1.1209044881092254, "lr": 0.01457951108555609, "ridge": 1e-07, "seed": 1234, "sr": 0.021326958167649568}}