{"returned_dict": {"loss": 0.4321171636603572, "r2": -0.013960962692583179, "status": "ok", "start_time": 1688771414.941132, "duration": 0.3685770034790039}, "current_params": {"N": 200, "iss": 0.1241917161627425, "lr": 0.013028269821287615, "ridge": 1e-07, "seed": 1234, "sr": 0.012695100144036022}}