{"returned_dict": {"loss": 0.44098077063918134, "r2": -0.008685806355773096, "status": "ok", "start_time": 1688771611.271435, "duration": 0.28165507316589355}, "current_params": {"N": 100, "iss": 0.1241917161627425, "lr": 0.013028269821287615, "ridge": 1e-07, "seed": 1234, "sr": 0.012695100144036022}}