{"returned_dict": {"loss": 0.46316513481402466, "r2": -0.018054419949459444, "status": "ok", "start_time": 1688771361.299658, "duration": 0.3504917621612549}, "current_params": {"N": 200, "iss": 0.30060324236938907, "lr": 0.011499726306602578, "ridge": 1e-07, "seed": 1234, "sr": 0.017335753135968333}}