{"returned_dict": {"loss": 0.4625480723838762, "r2": -0.012615658048528747, "status": "ok", "start_time": 1688771293.231638, "duration": 0.30606794357299805}, "current_params": {"N": 100, "iss": 0.30060324236938907, "lr": 0.011499726306602578, "ridge": 1e-07, "seed": 1234, "sr": 0.017335753135968333}}