{"returned_dict": {"loss": 0.4776209024584845, "r2": -0.01755497400493522, "status": "ok", "start_time": 1688771328.282051, "duration": 0.3010549545288086}, "current_params": {"N": 100, "iss": 1.329046495558411, "lr": 0.010792320963354871, "ridge": 1e-07, "seed": 1234, "sr": 0.023381801346453988}}