{"returned_dict": {"loss": 0.48629931426085743, "r2": -0.02375049512961998, "status": "ok", "start_time": 1688771663.772779, "duration": 0.5520980358123779}, "current_params": {"N": 200, "iss": 1.1209044881092254, "lr": 0.01457951108555609, "ridge": 1e-07, "seed": 1234, "sr": 0.021326958167649568}}