{"returned_dict": {"loss": 0.48114067471007865, "r2": -1.0668838396859333, "status": "ok", "start_time": 1688771320.798552, "duration": 0.2929689884185791}, "current_params": {"N": 100, "iss": 0.12098880147301518, "lr": 0.1228519302926199, "ridge": 1e-07, "seed": 1234, "sr": 0.8177792821088105}}