{"returned_dict": {"loss": 0.48629931426085743, "r2": -0.02375049512961998, "status": "ok", "start_time": 1688767460.563493, "duration": 0.3657701015472412}, "current_params": {"N": 200, "iss": 1.1209044881092254, "lr": 0.01457951108555609, "ridge": 1e-07, "seed": 1234, "sr": 0.021326958167649568}}