{"returned_dict": {"loss": 0.5122282659896127, "r2": -0.02645611645669062, "status": "ok", "start_time": 1688771671.0863318, "duration": 0.32619428634643555}, "current_params": {"N": 200, "iss": 1.329046495558411, "lr": 0.010792320963354871, "ridge": 1e-07, "seed": 1234, "sr": 0.023381801346453988}}