{"returned_dict": {"loss": 0.5595394730978219, "r2": -0.021072875370148864, "status": "ok", "start_time": 1688767459.5118809, "duration": 0.3647329807281494}, "current_params": {"N": 200, "iss": 1.6408170100934334, "lr": 0.008152510284277657, "ridge": 1e-07, "seed": 1234, "sr": 0.02092850466101397}}