{"returned_dict": {"loss": 0.5808909521335074, "r2": -0.01892170573777922, "status": "ok", "start_time": 1688771321.398284, "duration": 0.30806994438171387}, "current_params": {"N": 100, "iss": 1.6408170100934334, "lr": 0.008152510284277657, "ridge": 1e-07, "seed": 1234, "sr": 0.02092850466101397}}