{"returned_dict": {"loss": 0.6307500458634722, "r2": -0.03333378795827276, "status": "ok", "start_time": 1688767384.623762, "duration": 0.3035871982574463}, "current_params": {"N": 100, "iss": 0.0638798771362755, "lr": 0.0066607915672958085, "ridge": 1e-07, "seed": 1234, "sr": 0.04055081342400009}}