{"returned_dict": {"loss": 0.6470849959482897, "r2": -1.0104568966142145, "status": "ok", "start_time": 1688771622.055754, "duration": 0.34459590911865234}, "current_params": {"N": 200, "iss": 0.7584543713898786, "lr": 0.27685374484311337, "ridge": 1e-07, "seed": 1234, "sr": 1.0718258406733134}}