{"returned_dict": {"loss": 0.6582023290561652, "r2": -1.0043774732337833, "status": "ok", "start_time": 1688767427.847997, "duration": 0.3094000816345215}, "current_params": {"N": 200, "iss": 0.09704882510487747, "lr": 0.27385907525426506, "ridge": 1e-07, "seed": 1234, "sr": 1.0701795987165166}}