{"returned_dict": {"loss": 0.6571530994875779, "r2": -0.030219173601125915, "status": "ok", "start_time": 1688771387.712189, "duration": 0.3542029857635498}, "current_params": {"N": 200, "iss": 0.6014887400242775, "lr": 0.006565103682340531, "ridge": 1e-07, "seed": 1234, "sr": 0.022376991338754863}}