{"returned_dict": {"loss": 0.6949802893494655, "r2": -0.03300516855682171, "status": "ok", "start_time": 1688771588.8651059, "duration": 0.2759521007537842}, "current_params": {"N": 100, "iss": 0.6014887400242775, "lr": 0.006565103682340531, "ridge": 1e-07, "seed": 1234, "sr": 0.022376991338754863}}