{"returned_dict": {"loss": 0.7067280410041548, "r2": -0.03439612373504164, "status": "ok", "start_time": 1688771685.940496, "duration": 0.35913896560668945}, "current_params": {"N": 200, "iss": 0.014901851968467205, "lr": 0.006721858994363475, "ridge": 1e-07, "seed": 1234, "sr": 0.01443015968664725}}