{"returned_dict": {"loss": 0.701432196640076, "r2": -0.05948315559945579, "status": "ok", "start_time": 1688771388.855936, "duration": 0.35178399085998535}, "current_params": {"N": 200, "iss": 0.0638798771362755, "lr": 0.0066607915672958085, "ridge": 1e-07, "seed": 1234, "sr": 0.04055081342400009}}