{"returned_dict": {"loss": 0.7407098279943062, "r2": -0.038725530264635134, "status": "ok", "start_time": 1688771613.291799, "duration": 0.31116580963134766}, "current_params": {"N": 100, "iss": 0.014901851968467205, "lr": 0.006721858994363475, "ridge": 1e-07, "seed": 1234, "sr": 0.01443015968664725}}