{"returned_dict": {"loss": 0.7537679149778748, "r2": -3.543411614054687, "status": "ok", "start_time": 1688771661.794158, "duration": 0.34484314918518066}, "current_params": {"N": 200, "iss": 0.12098880147301518, "lr": 0.1228519302926199, "ridge": 1e-07, "seed": 1234, "sr": 0.8177792821088105}}