{"returned_dict": {"loss": 0.7953096526001701, "r2": -0.5580029081488719, "status": "ok", "start_time": 1688771681.42759, "duration": 0.3217051029205322}, "current_params": {"N": 200, "iss": 0.04891827634452193, "lr": 0.031315298214446584, "ridge": 1e-07, "seed": 1234, "sr": 0.22378918363501638}}