{"returned_dict": {"loss": 0.8509496923993813, "r2": -11.874639460646153, "status": "ok", "start_time": 1688771576.864767, "duration": 0.2854290008544922}, "current_params": {"N": 100, "iss": 0.10736365369226418, "lr": 0.3314434048357353, "ridge": 1e-07, "seed": 1234, "sr": 1.4934970309918365}}