{"returned_dict": {"loss": 0.86579450861485, "r2": 0.020442271713898192, "status": "ok", "start_time": 1688771648.452613, "duration": 0.34583568572998047}, "current_params": {"N": 200, "iss": 0.6433541538044857, "lr": 0.03227681862698132, "ridge": 1e-07, "seed": 1234, "sr": 0.07171915781189935}}