{"returned_dict": {"loss": 0.8865402206987457, "r2": -0.10406248167380101, "status": "ok", "start_time": 1688767365.85863, "duration": 0.31548094749450684}, "current_params": {"N": 100, "iss": 0.011578704051746873, "lr": 0.00948784264735005, "ridge": 1e-07, "seed": 1234, "sr": 0.049114831377351585}}