{"returned_dict": {"loss": 0.8948166751116347, "r2": -0.06649173809077435, "status": "ok", "start_time": 1688771360.612735, "duration": 0.344714879989624}, "current_params": {"N": 200, "iss": 0.014447951514411543, "lr": 0.004574935585135073, "ridge": 1e-07, "seed": 1234, "sr": 0.023659849726342757}}