{"returned_dict": {"loss": 0.8933097154279865, "r2": -0.06489367853888665, "status": "ok", "start_time": 1688767462.686713, "duration": 0.3282170295715332}, "current_params": {"N": 200, "iss": 0.06817325794760526, "lr": 0.005077070012844686, "ridge": 1e-07, "seed": 1234, "sr": 0.014180336811864184}}