{"returned_dict": {"loss": 0.8900154063497107, "r2": -0.0928848353033207, "status": "ok", "start_time": 1688771555.147588, "duration": 0.3086819648742676}, "current_params": {"N": 100, "iss": 0.23080917841876653, "lr": 0.004331629980965586, "ridge": 1e-07, "seed": 1234, "sr": 0.08493848898879214}}