{"returned_dict": {"loss": 0.9151544766725439, "r2": -0.06814746268439964, "status": "ok", "start_time": 1688767391.645744, "duration": 0.2927377223968506}, "current_params": {"N": 100, "iss": 0.06817325794760526, "lr": 0.005077070012844686, "ridge": 1e-07, "seed": 1234, "sr": 0.014180336811864184}}