{"returned_dict": {"loss": 0.9327827247740865, "r2": -0.07193427937012135, "status": "ok", "start_time": 1688771292.652661, "duration": 0.2873420715332031}, "current_params": {"N": 100, "iss": 0.014447951514411543, "lr": 0.004574935585135073, "ridge": 1e-07, "seed": 1234, "sr": 0.023659849726342757}}