{"returned_dict": {"loss": 0.9401220433080888, "r2": -0.07568523810761978, "status": "ok", "start_time": 1688771686.3029902, "duration": 0.3402748107910156}, "current_params": {"N": 200, "iss": 0.02433521119491738, "lr": 0.003928194271141713, "ridge": 1e-07, "seed": 1234, "sr": 0.03473563963725667}}