{"returned_dict": {"loss": 0.9540629519010686, "r2": -0.07551791768269263, "status": "ok", "start_time": 1688771668.6375191, "duration": 0.34874987602233887}, "current_params": {"N": 200, "iss": 0.565711157130904, "lr": 0.004574152964585012, "ridge": 1e-07, "seed": 1234, "sr": 0.015209355232682053}}