{"returned_dict": {"loss": 0.9613326289473628, "r2": 0.005954914062084186, "status": "ok", "start_time": 1688771581.610848, "duration": 0.2997310161590576}, "current_params": {"N": 100, "iss": 0.6433541538044857, "lr": 0.03227681862698132, "ridge": 1e-07, "seed": 1234, "sr": 0.07171915781189935}}