{"returned_dict": {"loss": 0.9729906304938183, "r2": -0.07835721718904425, "status": "ok", "start_time": 1688767393.8013089, "duration": 0.47449612617492676}, "current_params": {"N": 100, "iss": 0.565711157130904, "lr": 0.004574152964585012, "ridge": 1e-07, "seed": 1234, "sr": 0.015209355232682053}}