{"returned_dict": {"loss": 0.9849342827110199, "r2": -0.08169821123866357, "status": "ok", "start_time": 1688767409.5519218, "duration": 0.29682421684265137}, "current_params": {"N": 100, "iss": 0.02433521119491738, "lr": 0.003928194271141713, "ridge": 1e-07, "seed": 1234, "sr": 0.03473563963725667}}