{"returned_dict": {"loss": 1.0317609976569895, "r2": -0.10079918068368691, "status": "ok", "start_time": 1688771386.5941901, "duration": 0.37041783332824707}, "current_params": {"N": 200, "iss": 0.29788692835320113, "lr": 0.0029103225156569203, "ridge": 1e-07, "seed": 1234, "sr": 0.08069597310501309}}