{"returned_dict": {"loss": 1.0315685669595696, "r2": -0.36525824751027725, "status": "ok", "start_time": 1688767405.39675, "duration": 0.29811906814575195}, "current_params": {"N": 100, "iss": 0.04891827634452193, "lr": 0.031315298214446584, "ridge": 1e-07, "seed": 1234, "sr": 0.22378918363501638}}