{"returned_dict": {"loss": 1.0559200954301666, "r2": -0.0970943214565118, "status": "ok", "start_time": 1688767382.629685, "duration": 0.3819620609283447}, "current_params": {"N": 100, "iss": 0.29788692835320113, "lr": 0.0029103225156569203, "ridge": 1e-07, "seed": 1234, "sr": 0.08069597310501309}}