{"returned_dict": {"loss": 1.076958606958432, "r2": -16.00456876736501, "status": "ok", "start_time": 1688771297.5185359, "duration": 0.30072498321533203}, "current_params": {"N": 100, "iss": 0.032591711599069095, "lr": 0.2827089960950331, "ridge": 1e-07, "seed": 1234, "sr": 1.8477931436368185}}