{"returned_dict": {"loss": 1.0956494251047353, "r2": -0.11785819988076403, "status": "ok", "start_time": 1688767359.364761, "duration": 0.30254483222961426}, "current_params": {"N": 100, "iss": 0.41783708609483766, "lr": 0.0026146592050523896, "ridge": 1e-07, "seed": 1234, "sr": 0.13946336969899786}}