{"returned_dict": {"loss": 1.0938955054790238, "r2": -0.4261489873264666, "status": "ok", "start_time": 1688771620.367111, "duration": 0.34114813804626465}, "current_params": {"N": 200, "iss": 0.017426829985784587, "lr": 0.06675090446914045, "ridge": 1e-07, "seed": 1234, "sr": 0.6270562985135931}}