{"returned_dict": {"loss": 1.1092285572082414, "r2": -0.10260037999433291, "status": "ok", "start_time": 1688771384.7424588, "duration": 0.3552582263946533}, "current_params": {"N": 200, "iss": 0.02061396968241417, "lr": 0.003562915550473451, "ridge": 1e-07, "seed": 1234, "sr": 0.013799101337949737}}