{"returned_dict": {"loss": 1.1113439264790665, "r2": -0.10288494040514957, "status": "ok", "start_time": 1688771313.0740638, "duration": 0.40372419357299805}, "current_params": {"N": 100, "iss": 0.02061396968241417, "lr": 0.003562915550473451, "ridge": 1e-07, "seed": 1234, "sr": 0.013799101337949737}}