{"returned_dict": {"loss": 1.211242973576521, "r2": -0.1831141422878003, "status": "ok", "start_time": 1688771575.373918, "duration": 0.2994558811187744}, "current_params": {"N": 100, "iss": 0.011844719650424204, "lr": 0.006588095974939943, "ridge": 1e-07, "seed": 1234, "sr": 0.0736347478091156}}