{"returned_dict": {"loss": 1.2274787810561565, "r2": -0.12387885136360362, "status": "ok", "start_time": 1688771684.901959, "duration": 0.3643162250518799}, "current_params": {"N": 200, "iss": 0.06808284880331458, "lr": 0.0027231966986053157, "ridge": 1e-07, "seed": 1234, "sr": 0.025784899284706286}}