{"returned_dict": {"loss": 1.223008671787327, "r2": -0.13229884175991838, "status": "ok", "start_time": 1688771334.8500009, "duration": 0.3631720542907715}, "current_params": {"N": 100, "iss": 0.035797007800059774, "lr": 0.002001738706933608, "ridge": 1e-07, "seed": 1234, "sr": 0.16914908285710886}}