{"returned_dict": {"loss": 1.2350371412231718, "r2": -0.12494398701271625, "status": "ok", "start_time": 1688771341.7175622, "duration": 0.2946028709411621}, "current_params": {"N": 100, "iss": 0.06808284880331458, "lr": 0.0027231966986053157, "ridge": 1e-07, "seed": 1234, "sr": 0.025784899284706286}}