{"returned_dict": {"loss": 1.2393651973230801, "r2": -0.19772618502792919, "status": "ok", "start_time": 1688767412.8196979, "duration": 0.3179941177368164}, "current_params": {"N": 200, "iss": 0.23080917841876653, "lr": 0.004331629980965586, "ridge": 1e-07, "seed": 1234, "sr": 0.08493848898879214}}