{"returned_dict": {"loss": 1.2540840165335325, "r2": -0.13291550901372226, "status": "ok", "start_time": 1688771555.4595342, "duration": 0.3188469409942627}, "current_params": {"N": 100, "iss": 0.04583692884366269, "lr": 0.001949548020519852, "ridge": 1e-07, "seed": 1234, "sr": 0.1436139490344149}}