{"returned_dict": {"loss": 1.2520787000193352, "r2": -0.14251226077522547, "status": "ok", "start_time": 1688767413.139533, "duration": 0.3283820152282715}, "current_params": {"N": 200, "iss": 0.04583692884366269, "lr": 0.001949548020519852, "ridge": 1e-07, "seed": 1234, "sr": 0.1436139490344149}}