{"returned_dict": {"loss": 1.2639431436533923, "r2": -0.130531846537687, "status": "ok", "start_time": 1688771660.0842502, "duration": 0.331218957901001}, "current_params": {"N": 200, "iss": 0.015289922008574895, "lr": 0.0024618930592986486, "ridge": 1e-07, "seed": 1234, "sr": 0.034467717500168}}