{"returned_dict": {"loss": 1.2757894690635396, "r2": -0.13219212908929126, "status": "ok", "start_time": 1688771591.794946, "duration": 0.2952001094818115}, "current_params": {"N": 100, "iss": 0.015289922008574895, "lr": 0.0024618930592986486, "ridge": 1e-07, "seed": 1234, "sr": 0.034467717500168}}