{"returned_dict": {"loss": 1.2999958388354484, "r2": -0.18992730655943935, "status": "ok", "start_time": 1688771629.809789, "duration": 0.3595540523529053}, "current_params": {"N": 200, "iss": 0.41783708609483766, "lr": 0.0026146592050523896, "ridge": 1e-07, "seed": 1234, "sr": 0.13946336969899786}}