{"returned_dict": {"loss": 1.2975994669004887, "r2": -0.027797252703097186, "status": "ok", "start_time": 1688767350.2368488, "duration": 0.386336088180542}, "current_params": {"N": 100, "iss": 0.10021744800068655, "lr": 0.027648495633442953, "ridge": 1e-07, "seed": 1234, "sr": 0.05596406924116789}}