{"returned_dict": {"loss": 1.3008571185306819, "r2": -0.16666415228397868, "status": "ok", "start_time": 1688767475.21213, "duration": 0.303804874420166}, "current_params": {"N": 200, "iss": 0.035797007800059774, "lr": 0.002001738706933608, "ridge": 1e-07, "seed": 1234, "sr": 0.16914908285710886}}