{"returned_dict": {"loss": 1.327159624061838, "r2": -0.14110631905788207, "status": "ok", "start_time": 1688767373.451162, "duration": 0.31758904457092285}, "current_params": {"N": 100, "iss": 0.057616917756592285, "lr": 0.0022003912952545212, "ridge": 1e-07, "seed": 1234, "sr": 0.03445009246744131}}