{"returned_dict": {"loss": 1.3278968879351691, "r2": -0.1421937326408079, "status": "ok", "start_time": 1688771351.999449, "duration": 0.3479800224304199}, "current_params": {"N": 200, "iss": 0.0641110333271041, "lr": 0.0020381971895498943, "ridge": 1e-07, "seed": 1234, "sr": 0.055939356768342226}}