{"returned_dict": {"loss": 1.322782647382556, "r2": -0.14055517519884178, "status": "ok", "start_time": 1688767442.181442, "duration": 0.410585880279541}, "current_params": {"N": 200, "iss": 0.057616917756592285, "lr": 0.0022003912952545212, "ridge": 1e-07, "seed": 1234, "sr": 0.03445009246744131}}