{"returned_dict": {"loss": 1.3348470929835285, "r2": -0.1457195756815659, "status": "ok", "start_time": 1688771684.219394, "duration": 0.3315768241882324}, "current_params": {"N": 200, "iss": 0.12887034939379047, "lr": 0.0017768454950958875, "ridge": 1e-07, "seed": 1234, "sr": 0.10294297888325421}}