{"returned_dict": {"loss": 1.3415802050975263, "r2": -0.028341761746335736, "status": "ok", "start_time": 1688771619.665778, "duration": 0.3681221008300781}, "current_params": {"N": 200, "iss": 0.10021744800068655, "lr": 0.027648495633442953, "ridge": 1e-07, "seed": 1234, "sr": 0.05596406924116789}}