{"returned_dict": {"loss": 1.3455799382110785, "r2": -0.14454049834989235, "status": "ok", "start_time": 1688767353.026075, "duration": 0.33421826362609863}, "current_params": {"N": 100, "iss": 0.0641110333271041, "lr": 0.0020381971895498943, "ridge": 1e-07, "seed": 1234, "sr": 0.055939356768342226}}