{"returned_dict": {"loss": 1.3525648426625372, "r2": -2.9181347400023303, "status": "ok", "start_time": 1688771554.203095, "duration": 0.27329587936401367}, "current_params": {"N": 100, "iss": 1.0812887367386417, "lr": 0.07250316961973834, "ridge": 1e-07, "seed": 1234, "sr": 0.7451530769434451}}