{"returned_dict": {"loss": 1.364143699263087, "r2": -0.1485550683920578, "status": "ok", "start_time": 1688771611.854537, "duration": 0.2791311740875244}, "current_params": {"N": 100, "iss": 0.12887034939379047, "lr": 0.0017768454950958875, "ridge": 1e-07, "seed": 1234, "sr": 0.10294297888325421}}