{"returned_dict": {"loss": 1.3767366676144286, "r2": -0.15067207346299613, "status": "ok", "start_time": 1688767363.985525, "duration": 0.36098790168762207}, "current_params": {"N": 100, "iss": 0.3058774746135701, "lr": 0.0014693850044619368, "ridge": 1e-07, "seed": 1234, "sr": 0.012911238917344576}}