{"returned_dict": {"loss": 1.3938724692543143, "r2": -0.15318040061438323, "status": "ok", "start_time": 1688767347.845503, "duration": 0.3401458263397217}, "current_params": {"N": 100, "iss": 0.26378867468850437, "lr": 0.0016633478315350963, "ridge": 1e-07, "seed": 1234, "sr": 0.021785412209500744}}