{"returned_dict": {"loss": 1.395622938003318, "r2": -0.15393513783521406, "status": "ok", "start_time": 1688771307.178255, "duration": 0.3014049530029297}, "current_params": {"N": 100, "iss": 1.2634653351196594, "lr": 0.0013477819629193828, "ridge": 1e-07, "seed": 1234, "sr": 0.013074607715475932}}