{"returned_dict": {"loss": 1.3944573631269062, "r2": -0.1537507859947469, "status": "ok", "start_time": 1688767350.6253319, "duration": 0.33754611015319824}, "current_params": {"N": 100, "iss": 0.04144033970587873, "lr": 0.0013297839048037883, "ridge": 1e-07, "seed": 1234, "sr": 0.012018593511102769}}