{"returned_dict": {"loss": 1.392713324825354, "r2": -0.15307163073894392, "status": "ok", "start_time": 1688771647.403494, "duration": 0.3556511402130127}, "current_params": {"N": 200, "iss": 0.025373775243527137, "lr": 0.0017793789683264896, "ridge": 1e-07, "seed": 1234, "sr": 0.06113059449906627}}