{"returned_dict": {"loss": 1.4038279157471028, "r2": -0.15448083889367745, "status": "ok", "start_time": 1688767374.999108, "duration": 0.3000049591064453}, "current_params": {"N": 100, "iss": 0.025373775243527137, "lr": 0.0017793789683264896, "ridge": 1e-07, "seed": 1234, "sr": 0.06113059449906627}}