{"returned_dict": {"loss": 1.4023561714201433, "r2": -0.1549225114253321, "status": "ok", "start_time": 1688771364.370262, "duration": 0.35835719108581543}, "current_params": {"N": 200, "iss": 0.3058774746135701, "lr": 0.0014693850044619368, "ridge": 1e-07, "seed": 1234, "sr": 0.012911238917344576}}