{"returned_dict": {"loss": 1.419675806839984, "r2": -0.15730179938240427, "status": "ok", "start_time": 1688771345.973412, "duration": 0.34685397148132324}, "current_params": {"N": 200, "iss": 0.26378867468850437, "lr": 0.0016633478315350963, "ridge": 1e-07, "seed": 1234, "sr": 0.021785412209500744}}