{"returned_dict": {"loss": 1.414247787055767, "r2": -0.15705863816833668, "status": "ok", "start_time": 1688767415.267, "duration": 0.41962289810180664}, "current_params": {"N": 200, "iss": 0.04144033970587873, "lr": 0.0013297839048037883, "ridge": 1e-07, "seed": 1234, "sr": 0.012018593511102769}}