{"returned_dict": {"loss": 1.4141529914609088, "r2": -0.15695756228336685, "status": "ok", "start_time": 1688771602.53439, "duration": 0.2962040901184082}, "current_params": {"N": 100, "iss": 0.4609035122216823, "lr": 0.0013995995750949496, "ridge": 1e-07, "seed": 1234, "sr": 0.019234335161130274}}