{"returned_dict": {"loss": 1.4179220923261788, "r2": -0.15764674075047527, "status": "ok", "start_time": 1688771647.762413, "duration": 0.33646178245544434}, "current_params": {"N": 200, "iss": 1.2634653351196594, "lr": 0.0013477819629193828, "ridge": 1e-07, "seed": 1234, "sr": 0.013074607715475932}}