{"returned_dict": {"loss": 1.4158198540662328, "r2": -3.7746614297980017, "status": "ok", "start_time": 1688767387.3817012, "duration": 0.3132057189941406}, "current_params": {"N": 100, "iss": 0.1128637430154594, "lr": 0.3620369210485849, "ridge": 1e-07, "seed": 1234, "sr": 1.3495121461049868}}