{"returned_dict": {"loss": 1.4243941136488036, "r2": -0.16068499010588577, "status": "ok", "start_time": 1688767470.3632991, "duration": 0.3218350410461426}, "current_params": {"N": 200, "iss": 0.033967255277543844, "lr": 0.0014504618087973706, "ridge": 1e-07, "seed": 1234, "sr": 0.13220211689560168}}