{"returned_dict": {"loss": 1.446594973469641, "r2": -0.16250414372981967, "status": "ok", "start_time": 1688767398.9445472, "duration": 0.3004038333892822}, "current_params": {"N": 100, "iss": 0.033967255277543844, "lr": 0.0014504618087973706, "ridge": 1e-07, "seed": 1234, "sr": 0.13220211689560168}}