{"returned_dict": {"loss": 1.4436968956736103, "r2": -0.16176150318618876, "status": "ok", "start_time": 1688771404.420806, "duration": 0.3560349941253662}, "current_params": {"N": 200, "iss": 0.4609035122216823, "lr": 0.0013995995750949496, "ridge": 1e-07, "seed": 1234, "sr": 0.019234335161130274}}