{"returned_dict": {"loss": 1.4774067485666234, "r2": -0.16770918525119796, "status": "ok", "start_time": 1688771326.775569, "duration": 0.2931859493255615}, "current_params": {"N": 100, "iss": 0.12461355626769785, "lr": 0.0010963749428805649, "ridge": 1e-07, "seed": 1234, "sr": 0.02754914412622035}}