{"returned_dict": {"loss": 1.4777426957563786, "r2": -0.17101285116855483, "status": "ok", "start_time": 1688771308.097891, "duration": 0.3117990493774414}, "current_params": {"N": 100, "iss": 0.0708259000738997, "lr": 0.0011747404553185898, "ridge": 1e-07, "seed": 1234, "sr": 0.28250869008080837}}