{"returned_dict": {"loss": 1.4801732993631072, "r2": -0.16793602032730823, "status": "ok", "start_time": 1688771580.433047, "duration": 0.2776148319244385}, "current_params": {"N": 100, "iss": 1.4797753376943417, "lr": 0.0012348539342148224, "ridge": 1e-07, "seed": 1234, "sr": 0.034445554340444266}}