{"returned_dict": {"loss": 1.4970158772976963, "r2": -0.1831896175461857, "status": "ok", "start_time": 1688767445.517639, "duration": 0.3552062511444092}, "current_params": {"N": 200, "iss": 0.0708259000738997, "lr": 0.0011747404553185898, "ridge": 1e-07, "seed": 1234, "sr": 0.28250869008080837}}