{"returned_dict": {"loss": 1.5077620070487345, "r2": -0.17231481574090632, "status": "ok", "start_time": 1688771646.9714391, "duration": 0.4271507263183594}, "current_params": {"N": 200, "iss": 1.4797753376943417, "lr": 0.0012348539342148224, "ridge": 1e-07, "seed": 1234, "sr": 0.034445554340444266}}