{"returned_dict": {"loss": 1.5055902451159204, "r2": -0.17227010714687854, "status": "ok", "start_time": 1688767465.779265, "duration": 0.3357272148132324}, "current_params": {"N": 200, "iss": 0.12461355626769785, "lr": 0.0010963749428805649, "ridge": 1e-07, "seed": 1234, "sr": 0.02754914412622035}}