{"returned_dict": {"loss": 1.5380556928449707, "r2": -0.17890672387456932, "status": "ok", "start_time": 1688771604.931621, "duration": 0.29627084732055664}, "current_params": {"N": 100, "iss": 0.15114003457646022, "lr": 0.0010345463215508882, "ridge": 1e-07, "seed": 1234, "sr": 0.27362274920707036}}