{"returned_dict": {"loss": 1.534293373183722, "r2": -0.17743990450472302, "status": "ok", "start_time": 1688767466.4865038, "duration": 0.31803011894226074}, "current_params": {"N": 200, "iss": 0.02094317271695548, "lr": 0.0011414997148981286, "ridge": 1e-07, "seed": 1234, "sr": 0.1392583290943751}}