{"returned_dict": {"loss": 1.53335433208287, "r2": -0.18229481591088628, "status": "ok", "start_time": 1688767472.480155, "duration": 0.3479130268096924}, "current_params": {"N": 200, "iss": 0.15114003457646022, "lr": 0.0010345463215508882, "ridge": 1e-07, "seed": 1234, "sr": 0.27362274920707036}}