{"returned_dict": {"loss": 1.536823569836076, "r2": -0.20312245927553785, "status": "ok", "start_time": 1688767377.781973, "duration": 0.30653905868530273}, "current_params": {"N": 100, "iss": 1.1876600152766927, "lr": 0.0012706168633971231, "ridge": 1e-07, "seed": 1234, "sr": 0.40724786489171905}}