{"returned_dict": {"loss": 1.5429187676670504, "r2": -0.17814152852789422, "status": "ok", "start_time": 1688771599.866239, "duration": 0.32338404655456543}, "current_params": {"N": 100, "iss": 0.02094317271695548, "lr": 0.0011414997148981286, "ridge": 1e-07, "seed": 1234, "sr": 0.1392583290943751}}