{"returned_dict": {"loss": 1.5617996079272727, "r2": -0.08786987137546858, "status": "ok", "start_time": 1688767373.770644, "duration": 0.29331088066101074}, "current_params": {"N": 100, "iss": 0.010070168198051569, "lr": 0.017842200331087264, "ridge": 1e-07, "seed": 1234, "sr": 0.046068525991892054}}