{"returned_dict": {"loss": 1.5947892076629577, "r2": -0.18916071245245503, "status": "ok", "start_time": 1688767432.673606, "duration": 0.4302539825439453}, "current_params": {"N": 200, "iss": 0.011578704051746873, "lr": 0.00948784264735005, "ridge": 1e-07, "seed": 1234, "sr": 0.049114831377351585}}