{"returned_dict": {"loss": 1.62198528336956, "r2": -14.176728696561076, "status": "ok", "start_time": 1688771660.733876, "duration": 0.3570380210876465}, "current_params": {"N": 200, "iss": 0.1128637430154594, "lr": 0.3620369210485849, "ridge": 1e-07, "seed": 1234, "sr": 1.3495121461049868}}