{"returned_dict": {"loss": 1.9124504363241563, "r2": -0.3297083754214693, "status": "ok", "start_time": 1688771297.203265, "duration": 0.31251096725463867}, "current_params": {"N": 100, "iss": 0.02322480118498866, "lr": 0.003469578608187849, "ridge": 1e-07, "seed": 1234, "sr": 0.16319776306883083}}