{"returned_dict": {"loss": 1.9662371169088768, "r2": -0.3141282823827358, "status": "ok", "start_time": 1688767447.4383922, "duration": 0.3810696601867676}, "current_params": {"N": 200, "iss": 1.1876600152766927, "lr": 0.0012706168633971231, "ridge": 1e-07, "seed": 1234, "sr": 0.40724786489171905}}