{"returned_dict": {"loss": 100.76239220068499, "r2": -0.8883199381178469, "status": "ok", "start_time": 1688771590.330799, "duration": 0.29161977767944336}, "current_params": {"N": 100, "iss": 0.239639121154802, "lr": 0.004043788650283284, "ridge": 1e-07, "seed": 1234, "sr": 1.559046106395505}}