{"returned_dict": {"loss": 100.26678771353254, "r2": -0.7752927129321624, "status": "ok", "start_time": 1688771654.549001, "duration": 0.33147096633911133}, "current_params": {"N": 200, "iss": 0.010420990091656843, "lr": 0.004162641776033228, "ridge": 1e-07, "seed": 1234, "sr": 1.4711148817425204}}