{"returned_dict": {"loss": 102.01536591497354, "r2": -0.4124686583669457, "status": "ok", "start_time": 1688767461.6053271, "duration": 0.35488271713256836}, "current_params": {"N": 200, "iss": 0.07429821368173124, "lr": 0.014788360119021819, "ridge": 1e-07, "seed": 1234, "sr": 0.7203425093340039}}