{"returned_dict": {"loss": 107.58403112340001, "r2": -0.8025231109322201, "status": "ok", "start_time": 1688771390.247527, "duration": 0.34673309326171875}, "current_params": {"N": 200, "iss": 0.09708209614220148, "lr": 0.004189980001610144, "ridge": 1e-07, "seed": 1234, "sr": 1.4761554972058764}}