{"returned_dict": {"loss": 109.99685636064991, "r2": -0.7214007918042973, "status": "ok", "start_time": 1688767420.810488, "duration": 0.3545260429382324}, "current_params": {"N": 200, "iss": 1.8994530384590014, "lr": 0.003135528802871368, "ridge": 1e-07, "seed": 1234, "sr": 0.6742458608510943}}