{"returned_dict": {"loss": 11.236026347732432, "r2": -0.36786023134990176, "status": "ok", "start_time": 1688771298.729662, "duration": 0.2876160144805908}, "current_params": {"N": 100, "iss": 0.5083640924660481, "lr": 0.008045090803265967, "ridge": 1e-07, "seed": 1234, "sr": 0.12997317866574296}}