{"returned_dict": {"loss": 11.518566184797848, "r2": -0.20779994855600795, "status": "ok", "start_time": 1688767449.446707, "duration": 0.3795619010925293}, "current_params": {"N": 200, "iss": 0.03772831338732506, "lr": 0.03353770330253128, "ridge": 1e-07, "seed": 1234, "sr": 0.6085447468279758}}