{"returned_dict": {"loss": 11.535733279369532, "r2": -8.474067163340765, "status": "ok", "start_time": 1688771673.6556952, "duration": 0.3431680202484131}, "current_params": {"N": 200, "iss": 0.5312953381301151, "lr": 0.19508739133158115, "ridge": 1e-07, "seed": 1234, "sr": 1.513684164376375}}