{"returned_dict": {"loss": 12.167283780096406, "r2": -0.7325314614180712, "status": "ok", "start_time": 1688771380.612521, "duration": 0.34685206413269043}, "current_params": {"N": 200, "iss": 0.01892814772080224, "lr": 0.0022208776832486165, "ridge": 1e-07, "seed": 1234, "sr": 0.38470784819126913}}