{"returned_dict": {"loss": 12.582370861883982, "r2": -0.310506522654911, "status": "ok", "start_time": 1688767356.4549341, "duration": 0.28702592849731445}, "current_params": {"N": 100, "iss": 0.43940493399387703, "lr": 0.10450923140136353, "ridge": 1e-07, "seed": 1234, "sr": 1.1747879624022337}}