{"returned_dict": {"loss": 12.710276449706862, "r2": -0.20861916100714115, "status": "ok", "start_time": 1688767379.641592, "duration": 0.30849790573120117}, "current_params": {"N": 100, "iss": 0.03772831338732506, "lr": 0.03353770330253128, "ridge": 1e-07, "seed": 1234, "sr": 0.6085447468279758}}