{"returned_dict": {"loss": 120.71108704704693, "r2": -0.8449945386404476, "status": "ok", "start_time": 1688771658.28808, "duration": 0.33988118171691895}, "current_params": {"N": 200, "iss": 0.239639121154802, "lr": 0.004043788650283284, "ridge": 1e-07, "seed": 1234, "sr": 1.559046106395505}}