{"returned_dict": {"loss": 121.37917692866183, "r2": -0.494607315106565, "status": "ok", "start_time": 1688771644.248457, "duration": 0.3374180793762207}, "current_params": {"N": 200, "iss": 0.12228663774682785, "lr": 0.011631913763100198, "ridge": 1e-07, "seed": 1234, "sr": 0.6655004099498368}}