{"returned_dict": {"loss": 129.76788411633447, "r2": -0.3834467690628462, "status": "ok", "start_time": 1688767358.199625, "duration": 0.2811770439147949}, "current_params": {"N": 100, "iss": 0.17592636843910578, "lr": 0.01750341268204161, "ridge": 1e-07, "seed": 1234, "sr": 0.9261721390300975}}