{"returned_dict": {"loss": 13.98189764400717, "r2": -0.8083330552712621, "status": "ok", "start_time": 1688771646.6278772, "duration": 0.3401477336883545}, "current_params": {"N": 200, "iss": 0.11475412781925637, "lr": 0.001438234015621399, "ridge": 1e-07, "seed": 1234, "sr": 0.6991397473769041}}