{"returned_dict": {"loss": 13.949848760331056, "r2": -0.6932371913108758, "status": "ok", "start_time": 1688771286.1745129, "duration": 0.3092479705810547}, "current_params": {"N": 100, "iss": 0.4592034537528096, "lr": 0.0028587399658546522, "ridge": 1e-07, "seed": 1234, "sr": 0.3677775491737212}}