{"returned_dict": {"loss": 13.98189764400717, "r2": -0.8083330552712621, "status": "ok", "start_time": 1688767443.368154, "duration": 0.3146529197692871}, "current_params": {"N": 200, "iss": 0.11475412781925637, "lr": 0.001438234015621399, "ridge": 1e-07, "seed": 1234, "sr": 0.6991397473769041}}