{"returned_dict": {"loss": 14.036402462148489, "r2": -0.8631466976677101, "status": "ok", "start_time": 1688767421.826307, "duration": 0.3240189552307129}, "current_params": {"N": 200, "iss": 0.43940493399387703, "lr": 0.10450923140136353, "ridge": 1e-07, "seed": 1234, "sr": 1.1747879624022337}}