{"returned_dict": {"loss": 14.426960747974737, "r2": -0.8087503499007417, "status": "ok", "start_time": 1688771300.517347, "duration": 0.3104100227355957}, "current_params": {"N": 100, "iss": 0.5995848261643417, "lr": 0.0014657043717974704, "ridge": 1e-07, "seed": 1234, "sr": 0.8590790111185361}}