{"returned_dict": {"loss": 144.19725992083568, "r2": -0.8574917548207921, "status": "ok", "start_time": 1688771399.171762, "duration": 0.3716609477996826}, "current_params": {"N": 200, "iss": 1.9007784073998995, "lr": 0.00474765619086868, "ridge": 1e-07, "seed": 1234, "sr": 1.3472145458146776}}