{"returned_dict": {"loss": 145.34866639958616, "r2": -0.8990494902932183, "status": "ok", "start_time": 1688767472.122365, "duration": 0.3552110195159912}, "current_params": {"N": 200, "iss": 0.03192677877652177, "lr": 0.0012747559185957923, "ridge": 1e-07, "seed": 1234, "sr": 1.8972856315674878}}