{"returned_dict": {"loss": 15.264846730184454, "r2": -0.18392409155060263, "status": "ok", "start_time": 1688767468.591836, "duration": 0.3424570560455322}, "current_params": {"N": 200, "iss": 0.64426315730591, "lr": 0.035268880917861616, "ridge": 1e-07, "seed": 1234, "sr": 0.8651517504996097}}