{"returned_dict": {"loss": 158.80906336093162, "r2": -0.4243244280508042, "status": "ok", "start_time": 1688767389.48892, "duration": 0.28816795349121094}, "current_params": {"N": 100, "iss": 0.9202159107164607, "lr": 0.012074538215625902, "ridge": 1e-07, "seed": 1234, "sr": 0.9767013410471923}}