{"returned_dict": {"loss": 159.48670173692028, "r2": -0.8429611791273836, "status": "ok", "start_time": 1688771328.883467, "duration": 0.29854798316955566}, "current_params": {"N": 100, "iss": 1.9050210623461963, "lr": 0.0018646665439208772, "ridge": 1e-07, "seed": 1234, "sr": 1.615015536156611}}