{"returned_dict": {"loss": 164.62447074641975, "r2": -0.19100480817260893, "status": "ok", "start_time": 1688767434.2290711, "duration": 0.3677058219909668}, "current_params": {"N": 200, "iss": 0.06982435222165363, "lr": 0.02295730315688215, "ridge": 1e-07, "seed": 1234, "sr": 1.6780271795969788}}