{"returned_dict": {"loss": 17.626712463548607, "r2": -0.2644246763258791, "status": "ok", "start_time": 1688771304.785505, "duration": 0.2955200672149658}, "current_params": {"N": 100, "iss": 1.6365557932343442, "lr": 0.023290415540192212, "ridge": 1e-07, "seed": 1234, "sr": 0.5804927574049585}}