{"returned_dict": {"loss": 17.896713410992675, "r2": -0.37742930491119603, "status": "ok", "start_time": 1688771638.009564, "duration": 0.3248291015625}, "current_params": {"N": 200, "iss": 0.5083640924660481, "lr": 0.008045090803265967, "ridge": 1e-07, "seed": 1234, "sr": 0.12997317866574296}}