{"returned_dict": {"loss": 17.813079392780253, "r2": -0.3695610967613589, "status": "ok", "start_time": 1688767383.013885, "duration": 0.35318994522094727}, "current_params": {"N": 100, "iss": 0.063583584592896, "lr": 0.013776573458598628, "ridge": 1e-07, "seed": 1234, "sr": 0.4435955538049587}}