{"returned_dict": {"loss": 172.62077125491388, "r2": -0.828027351038708, "status": "ok", "start_time": 1688767468.225752, "duration": 0.3632776737213135}, "current_params": {"N": 200, "iss": 1.9050210623461963, "lr": 0.0018646665439208772, "ridge": 1e-07, "seed": 1234, "sr": 1.615015536156611}}