{"returned_dict": {"loss": 175.38612013707703, "r2": -0.2826156578558352, "status": "ok", "start_time": 1688771576.259188, "duration": 0.31859302520751953}, "current_params": {"N": 100, "iss": 0.026102781989314577, "lr": 0.020947973404360564, "ridge": 1e-07, "seed": 1234, "sr": 1.1980546733012445}}