{"returned_dict": {"loss": 18.70320099542999, "r2": -0.16022505725446878, "status": "ok", "start_time": 1688767397.378112, "duration": 0.2954599857330322}, "current_params": {"N": 100, "iss": 0.64426315730591, "lr": 0.035268880917861616, "ridge": 1e-07, "seed": 1234, "sr": 0.8651517504996097}}