{"returned_dict": {"loss": 18.877554904902862, "r2": -6.418063015785777, "status": "ok", "start_time": 1688771665.49574, "duration": 0.3550381660461426}, "current_params": {"N": 200, "iss": 1.3073060059099344, "lr": 0.00870996895715053, "ridge": 1e-07, "seed": 1234, "sr": 0.5541045087949925}}