{"returned_dict": {"loss": 190.48463300992213, "r2": -0.4246155194863713, "status": "ok", "start_time": 1688767423.804425, "duration": 0.38265204429626465}, "current_params": {"N": 200, "iss": 0.17592636843910578, "lr": 0.01750341268204161, "ridge": 1e-07, "seed": 1234, "sr": 0.9261721390300975}}