{"returned_dict": {"loss": 193.3341632498638, "r2": -0.2796142313379813, "status": "ok", "start_time": 1688771372.601915, "duration": 0.38616013526916504}, "current_params": {"N": 200, "iss": 0.026102781989314577, "lr": 0.020947973404360564, "ridge": 1e-07, "seed": 1234, "sr": 1.1980546733012445}}