{"returned_dict": {"loss": 2.1162552643153014, "r2": -18.3760255178039, "status": "ok", "start_time": 1688771642.852007, "duration": 0.34866809844970703}, "current_params": {"N": 200, "iss": 0.10736365369226418, "lr": 0.3314434048357353, "ridge": 1e-07, "seed": 1234, "sr": 1.4934970309918365}}