{"returned_dict": {"loss": 2.2076481758869604, "r2": -0.10808094627227043, "status": "ok", "start_time": 1688767407.512636, "duration": 0.28527212142944336}, "current_params": {"N": 100, "iss": 0.12462862920328505, "lr": 0.01723516935753251, "ridge": 1e-07, "seed": 1234, "sr": 0.05362250950195235}}