{"returned_dict": {"loss": 2.338040748219214, "r2": -0.3049778979001066, "status": "ok", "start_time": 1688771641.1154969, "duration": 0.34151506423950195}, "current_params": {"N": 200, "iss": 0.011844719650424204, "lr": 0.006588095974939943, "ridge": 1e-07, "seed": 1234, "sr": 0.0736347478091156}}