{"returned_dict": {"loss": 2.4550246952940484, "r2": -0.105396392016932, "status": "ok", "start_time": 1688771376.6969101, "duration": 0.3619368076324463}, "current_params": {"N": 200, "iss": 0.010070168198051569, "lr": 0.017842200331087264, "ridge": 1e-07, "seed": 1234, "sr": 0.046068525991892054}}