{"returned_dict": {"loss": 2.499592350913113, "r2": -0.03831498170393788, "status": "ok", "start_time": 1688771283.057833, "duration": 0.3290061950683594}, "current_params": {"N": 100, "iss": 0.017426829985784587, "lr": 0.06675090446914045, "ridge": 1e-07, "seed": 1234, "sr": 0.6270562985135931}}