{"returned_dict": {"loss": 2.530023071879052, "r2": -0.09556502264428975, "status": "ok", "start_time": 1688771383.986537, "duration": 0.3808450698852539}, "current_params": {"N": 200, "iss": 0.36155506665873355, "lr": 0.020195420899796784, "ridge": 1e-07, "seed": 1234, "sr": 0.14124488283466835}}