{"returned_dict": {"loss": 2.5321574293784272, "r2": -3.3298389004052553, "status": "ok", "start_time": 1688767432.260819, "duration": 0.4103889465332031}, "current_params": {"N": 200, "iss": 0.032591711599069095, "lr": 0.2827089960950331, "ridge": 1e-07, "seed": 1234, "sr": 1.8477931436368185}}