{"returned_dict": {"loss": 2.7775855538765235, "r2": -0.8472953459451569, "status": "ok", "start_time": 1688771410.676967, "duration": 0.34700512886047363}, "current_params": {"N": 200, "iss": 1.7468100741442292, "lr": 0.0201763660586179, "ridge": 1e-07, "seed": 1234, "sr": 0.2693057795446473}}