{"returned_dict": {"loss": 2.8603594707920927, "r2": -0.4660084327463428, "status": "ok", "start_time": 1688771589.4315379, "duration": 0.28434300422668457}, "current_params": {"N": 100, "iss": 0.15982630778929688, "lr": 0.001511876975040721, "ridge": 1e-07, "seed": 1234, "sr": 0.5057112868498589}}