{"returned_dict": {"loss": 21.274724972635646, "r2": -0.3166602833078336, "status": "ok", "start_time": 1688771371.821248, "duration": 0.3891439437866211}, "current_params": {"N": 200, "iss": 0.012815518086924712, "lr": 0.009517044749879343, "ridge": 1e-07, "seed": 1234, "sr": 0.2220286917588803}}