{"returned_dict": {"loss": 21.22277422514618, "r2": -6.858999479172719, "status": "ok", "start_time": 1688771285.8381498, "duration": 0.3338351249694824}, "current_params": {"N": 100, "iss": 0.20370933580821177, "lr": 0.11868976127565604, "ridge": 1e-07, "seed": 1234, "sr": 1.9852065082905508}}