{"returned_dict": {"loss": 21.771534960964345, "r2": -0.3239765860199613, "status": "ok", "start_time": 1688767369.825218, "duration": 0.31947922706604004}, "current_params": {"N": 100, "iss": 0.012815518086924712, "lr": 0.009517044749879343, "ridge": 1e-07, "seed": 1234, "sr": 0.2220286917588803}}