{"returned_dict": {"loss": 22.652330757336813, "r2": -0.25477059645370814, "status": "ok", "start_time": 1688771331.2744, "duration": 0.2938868999481201}, "current_params": {"N": 100, "iss": 0.21974639528423232, "lr": 0.01837890418829658, "ridge": 1e-07, "seed": 1234, "sr": 0.49855140938736514}}