{"returned_dict": {"loss": 22.77199886525231, "r2": -93.74871852897343, "status": "ok", "start_time": 1688771623.412283, "duration": 0.3468961715698242}, "current_params": {"N": 200, "iss": 0.20370933580821177, "lr": 0.11868976127565604, "ridge": 1e-07, "seed": 1234, "sr": 1.9852065082905508}}