{"returned_dict": {"loss": 220.54054766233375, "r2": -0.6249550978770594, "status": "ok", "start_time": 1688767391.9405298, "duration": 0.31267714500427246}, "current_params": {"N": 100, "iss": 1.7845819392568074, "lr": 0.0072323578952706025, "ridge": 1e-07, "seed": 1234, "sr": 1.1537694040324933}}