{"returned_dict": {"loss": 24.89567396218746, "r2": -54.57967942159914, "status": "ok", "start_time": 1688767391.024457, "duration": 0.3154571056365967}, "current_params": {"N": 100, "iss": 1.3073060059099344, "lr": 0.00870996895715053, "ridge": 1e-07, "seed": 1234, "sr": 0.5541045087949925}}