{"returned_dict": {"loss": 25.730657844487055, "r2": -0.30652431715220874, "status": "ok", "start_time": 1688767441.4043431, "duration": 0.3923768997192383}, "current_params": {"N": 200, "iss": 1.6365557932343442, "lr": 0.023290415540192212, "ridge": 1e-07, "seed": 1234, "sr": 0.5804927574049585}}