{"returned_dict": {"loss": 25.83837367141364, "r2": -0.2566435733084884, "status": "ok", "start_time": 1688771296.5956721, "duration": 0.30405688285827637}, "current_params": {"N": 100, "iss": 0.11161612196499207, "lr": 0.01829156443200663, "ridge": 1e-07, "seed": 1234, "sr": 0.5364921819808435}}