{"returned_dict": {"loss": 252.82045910879958, "r2": -0.5339157552436264, "status": "ok", "start_time": 1688771663.1395142, "duration": 0.6277906894683838}, "current_params": {"N": 200, "iss": 0.9202159107164607, "lr": 0.012074538215625902, "ridge": 1e-07, "seed": 1234, "sr": 0.9767013410471923}}