{"returned_dict": {"loss": 26.05704225561243, "r2": -0.3502705247835014, "status": "ok", "start_time": 1688771359.566637, "duration": 0.3276040554046631}, "current_params": {"N": 200, "iss": 0.029996944468638872, "lr": 0.008627726752024523, "ridge": 1e-07, "seed": 1234, "sr": 0.2786563536203857}}