{"returned_dict": {"loss": 26.4018797445124, "r2": -0.42029987393334806, "status": "ok", "start_time": 1688767452.88464, "duration": 0.32932615280151367}, "current_params": {"N": 200, "iss": 0.063583584592896, "lr": 0.013776573458598628, "ridge": 1e-07, "seed": 1234, "sr": 0.4435955538049587}}