{"returned_dict": {"loss": 27.854279985320716, "r2": -0.36296889433705476, "status": "ok", "start_time": 1688771565.909805, "duration": 0.3162498474121094}, "current_params": {"N": 100, "iss": 0.029996944468638872, "lr": 0.008627726752024523, "ridge": 1e-07, "seed": 1234, "sr": 0.2786563536203857}}