{"returned_dict": {"loss": 28.92373421692532, "r2": -0.7278940020332348, "status": "ok", "start_time": 1688771623.7623072, "duration": 0.3937809467315674}, "current_params": {"N": 200, "iss": 0.4592034537528096, "lr": 0.0028587399658546522, "ridge": 1e-07, "seed": 1234, "sr": 0.3677775491737212}}