{"returned_dict": {"loss": 297.33587099177873, "r2": -0.29495192491639205, "status": "ok", "start_time": 1688771584.315139, "duration": 0.3064699172973633}, "current_params": {"N": 100, "iss": 0.01664529278755207, "lr": 0.015675637477485127, "ridge": 1e-07, "seed": 1234, "sr": 1.7373844737901067}}