{"returned_dict": {"loss": 3.2275571877730975, "r2": -0.11974745729235536, "status": "ok", "start_time": 1688767479.8886971, "duration": 0.3502829074859619}, "current_params": {"N": 200, "iss": 0.12462862920328505, "lr": 0.01723516935753251, "ridge": 1e-07, "seed": 1234, "sr": 0.05362250950195235}}