{"returned_dict": {"loss": 3.2210965923672794, "r2": -0.3506175390306576, "status": "ok", "start_time": 1688767401.116192, "duration": 0.28939270973205566}, "current_params": {"N": 100, "iss": 0.06420827383830166, "lr": 0.006517013347114697, "ridge": 1e-07, "seed": 1234, "sr": 0.10285055937981123}}