{"returned_dict": {"loss": 3.249925435636611, "r2": -2.437694865933677, "status": "ok", "start_time": 1688771616.457812, "duration": 0.4160480499267578}, "current_params": {"N": 200, "iss": 1.0812887367386417, "lr": 0.07250316961973834, "ridge": 1e-07, "seed": 1234, "sr": 0.7451530769434451}}