{"returned_dict": {"loss": 3.2568080992253043, "r2": -0.4249647221935124, "status": "ok", "start_time": 1688771409.5982149, "duration": 0.36087822914123535}, "current_params": {"N": 200, "iss": 1.0637729366193858, "lr": 0.015577684928036531, "ridge": 1e-07, "seed": 1234, "sr": 0.27449667729681954}}