{"returned_dict": {"loss": 3.359075795955198, "r2": -0.10750332229537259, "status": "ok", "start_time": 1688771585.796468, "duration": 0.29894399642944336}, "current_params": {"N": 100, "iss": 0.36155506665873355, "lr": 0.020195420899796784, "ridge": 1e-07, "seed": 1234, "sr": 0.14124488283466835}}