{"returned_dict": {"loss": 3.7660537655923814, "r2": -0.20714992588254302, "status": "ok", "start_time": 1688771569.179179, "duration": 0.30113911628723145}, "current_params": {"N": 100, "iss": 1.1749435357259597, "lr": 0.01194012324967482, "ridge": 1e-07, "seed": 1234, "sr": 0.07182579673523158}}