{"returned_dict": {"loss": 3.8063916059603344, "r2": -0.4029718238300564, "status": "ok", "start_time": 1688771335.216417, "duration": 0.33846282958984375}, "current_params": {"N": 100, "iss": 1.7468100741442292, "lr": 0.0201763660586179, "ridge": 1e-07, "seed": 1234, "sr": 0.2693057795446473}}