{"returned_dict": {"loss": 3.9026160427304624, "r2": -0.5019163618761432, "status": "ok", "start_time": 1688771636.333691, "duration": 0.3553471565246582}, "current_params": {"N": 200, "iss": 0.02322480118498866, "lr": 0.003469578608187849, "ridge": 1e-07, "seed": 1234, "sr": 0.16319776306883083}}