{"returned_dict": {"loss": 30.439774140730208, "r2": -0.6889740788640566, "status": "ok", "start_time": 1688771338.7360342, "duration": 0.44896888732910156}, "current_params": {"N": 100, "iss": 0.017316561567755115, "lr": 0.0033459687263177693, "ridge": 1e-07, "seed": 1234, "sr": 0.38881381374312896}}