{"returned_dict": {"loss": 30.806019477544414, "r2": -0.859525666093408, "status": "ok", "start_time": 1688771370.2435148, "duration": 0.38472723960876465}, "current_params": {"N": 200, "iss": 0.5995848261643417, "lr": 0.0014657043717974704, "ridge": 1e-07, "seed": 1234, "sr": 0.8590790111185361}}