{"returned_dict": {"loss": 31.52062498277428, "r2": -0.2963390186986345, "status": "ok", "start_time": 1688767471.066911, "duration": 0.3420431613922119}, "current_params": {"N": 200, "iss": 0.21974639528423232, "lr": 0.01837890418829658, "ridge": 1e-07, "seed": 1234, "sr": 0.49855140938736514}}