{"returned_dict": {"loss": 310.58215596079486, "r2": -0.6927976627851455, "status": "ok", "start_time": 1688767397.994175, "duration": 0.312345027923584}, "current_params": {"N": 100, "iss": 0.014725359610710313, "lr": 0.0064297670646757095, "ridge": 1e-07, "seed": 1234, "sr": 1.3674841479920639}}