{"returned_dict": {"loss": 32.19100106819821, "r2": -6.175800546765957, "status": "ok", "start_time": 1688771387.3294, "duration": 0.37944817543029785}, "current_params": {"N": 200, "iss": 0.05490922351799924, "lr": 0.00634949608361273, "ridge": 1e-07, "seed": 1234, "sr": 0.7857311106134265}}