{"returned_dict": {"loss": 32.563959719011955, "r2": -0.7951982494958915, "status": "ok", "start_time": 1688771304.478521, "duration": 0.3045167922973633}, "current_params": {"N": 100, "iss": 0.5105284065282, "lr": 0.0021754527786438816, "ridge": 1e-07, "seed": 1234, "sr": 0.6542699422086171}}