{"returned_dict": {"loss": 34.76879555352954, "r2": -0.39786445897009554, "status": "ok", "start_time": 1688771388.0692952, "duration": 0.3965628147125244}, "current_params": {"N": 200, "iss": 0.4769345886587557, "lr": 0.006714336361084555, "ridge": 1e-07, "seed": 1234, "sr": 0.5244034529757767}}