{"returned_dict": {"loss": 349.58086481202616, "r2": -0.5608729835844417, "status": "ok", "start_time": 1688771604.317523, "duration": 0.29470396041870117}, "current_params": {"N": 100, "iss": 0.8104266507763869, "lr": 0.008419553121357429, "ridge": 1e-07, "seed": 1234, "sr": 1.2847237170671322}}