{"returned_dict": {"loss": 35.79899527125733, "r2": -17.617466380617845, "status": "ok", "start_time": 1688767438.119454, "duration": 0.3704400062561035}, "current_params": {"N": 200, "iss": 0.0825705605730174, "lr": 0.08493875791208119, "ridge": 1e-07, "seed": 1234, "sr": 1.65113060952745}}