{"returned_dict": {"loss": 354.11891148296536, "r2": -0.2834108364675764, "status": "ok", "start_time": 1688767448.45378, "duration": 0.3485591411590576}, "current_params": {"N": 200, "iss": 0.01664529278755207, "lr": 0.015675637477485127, "ridge": 1e-07, "seed": 1234, "sr": 1.7373844737901067}}