{"returned_dict": {"loss": 36.210150020883134, "r2": -0.3063811382302423, "status": "ok", "start_time": 1688767431.0417569, "duration": 0.4060342311859131}, "current_params": {"N": 200, "iss": 0.11161612196499207, "lr": 0.01829156443200663, "ridge": 1e-07, "seed": 1234, "sr": 0.5364921819808435}}