{"returned_dict": {"loss": 36.934222670377615, "r2": -0.6220512114408888, "status": "ok", "start_time": 1688771319.023387, "duration": 0.2973952293395996}, "current_params": {"N": 100, "iss": 0.9124256395598784, "lr": 0.004233385166803992, "ridge": 1e-07, "seed": 1234, "sr": 0.3296822527987904}}