{"returned_dict": {"loss": 37.61212916333345, "r2": -11.097680769710216, "status": "ok", "start_time": 1688771302.0413299, "duration": 0.2954881191253662}, "current_params": {"N": 100, "iss": 0.0825705605730174, "lr": 0.08493875791208119, "ridge": 1e-07, "seed": 1234, "sr": 1.65113060952745}}