{"returned_dict": {"loss": 38.077584218244205, "r2": -0.4175327170796697, "status": "ok", "start_time": 1688771624.909343, "duration": 0.33741211891174316}, "current_params": {"N": 200, "iss": 1.3786051081954607, "lr": 0.006605373155785381, "ridge": 1e-07, "seed": 1234, "sr": 0.5073317430391686}}