{"returned_dict": {"loss": 4.004926932896897, "r2": -0.3718013452264231, "status": "ok", "start_time": 1688771628.769541, "duration": 0.34883594512939453}, "current_params": {"N": 200, "iss": 0.015069313183090762, "lr": 0.021490140480106088, "ridge": 1e-07, "seed": 1234, "sr": 0.28375123299706523}}