{"returned_dict": {"loss": 4.071206611489937, "r2": -0.3636352024158857, "status": "ok", "start_time": 1688767358.4823198, "duration": 0.28150010108947754}, "current_params": {"N": 100, "iss": 0.015069313183090762, "lr": 0.021490140480106088, "ridge": 1e-07, "seed": 1234, "sr": 0.28375123299706523}}