{"returned_dict": {"loss": 42.2082195709907, "r2": -10.482732566577514, "status": "ok", "start_time": 1688771316.05421, "duration": 0.3349170684814453}, "current_params": {"N": 100, "iss": 0.05490922351799924, "lr": 0.00634949608361273, "ridge": 1e-07, "seed": 1234, "sr": 0.7857311106134265}}