{"returned_dict": {"loss": 45.85712797519712, "r2": -0.4492235481668443, "status": "ok", "start_time": 1688771316.690822, "duration": 0.30187010765075684}, "current_params": {"N": 100, "iss": 0.4769345886587557, "lr": 0.006714336361084555, "ridge": 1e-07, "seed": 1234, "sr": 0.5244034529757767}}