{"returned_dict": {"loss": 453.19901422423163, "r2": -0.7406182152582965, "status": "ok", "start_time": 1688771666.597873, "duration": 0.3342251777648926}, "current_params": {"N": 200, "iss": 1.7845819392568074, "lr": 0.0072323578952706025, "ridge": 1e-07, "seed": 1234, "sr": 1.1537694040324933}}