{"returned_dict": {"loss": 47.77364853254588, "r2": -0.46045445571242855, "status": "ok", "start_time": 1688771287.0890188, "duration": 0.4394652843475342}, "current_params": {"N": 100, "iss": 1.3786051081954607, "lr": 0.006605373155785381, "ridge": 1e-07, "seed": 1234, "sr": 0.5073317430391686}}