{"returned_dict": {"loss": 484.77343170622004, "r2": -0.4182000633829184, "status": "ok", "start_time": 1688767397.6773949, "duration": 0.3143041133880615}, "current_params": {"N": 100, "iss": 0.06916333012530408, "lr": 0.010392855525269699, "ridge": 1e-07, "seed": 1234, "sr": 1.887418857966639}}