{"returned_dict": {"loss": 495.0456159430284, "r2": -0.6289366226928715, "status": "ok", "start_time": 1688767404.806184, "duration": 0.3030979633331299}, "current_params": {"N": 100, "iss": 0.19191114952672036, "lr": 0.006965147459842892, "ridge": 1e-07, "seed": 1234, "sr": 1.559825931937824}}