{"returned_dict": {"loss": 5.5108616746674075, "r2": -0.6248725160979623, "status": "ok", "start_time": 1688771582.825432, "duration": 0.2941577434539795}, "current_params": {"N": 100, "iss": 0.01892814772080224, "lr": 0.0022208776832486165, "ridge": 1e-07, "seed": 1234, "sr": 0.38470784819126913}}