{"returned_dict": {"loss": 5.798321436052305, "r2": -0.6688216435311728, "status": "ok", "start_time": 1688767454.3054569, "duration": 0.35414600372314453}, "current_params": {"N": 200, "iss": 0.15982630778929688, "lr": 0.001511876975040721, "ridge": 1e-07, "seed": 1234, "sr": 0.5057112868498589}}