{"returned_dict": {"loss": 52.032964243740345, "r2": -0.7745304611993197, "status": "ok", "start_time": 1688767359.9943628, "duration": 0.2970871925354004}, "current_params": {"N": 100, "iss": 0.043830790191314244, "lr": 0.0025277744748336503, "ridge": 1e-07, "seed": 1234, "sr": 0.6381677127841718}}