{"returned_dict": {"loss": 52.41750553355726, "r2": -0.570354037650048, "status": "ok", "start_time": 1688771298.115461, "duration": 0.29027795791625977}, "current_params": {"N": 100, "iss": 1.7105847285539815, "lr": 0.005007729021893898, "ridge": 1e-07, "seed": 1234, "sr": 0.3520580742189194}}