{"returned_dict": {"loss": 53.44109926163804, "r2": -0.6989680538489381, "status": "ok", "start_time": 1688771681.753063, "duration": 0.3508431911468506}, "current_params": {"N": 200, "iss": 0.017316561567755115, "lr": 0.0033459687263177693, "ridge": 1e-07, "seed": 1234, "sr": 0.38881381374312896}}