{"returned_dict": {"loss": 556.590304430484, "r2": -0.6641532194782801, "status": "ok", "start_time": 1688771675.4760242, "duration": 0.3382887840270996}, "current_params": {"N": 200, "iss": 0.8104266507763869, "lr": 0.008419553121357429, "ridge": 1e-07, "seed": 1234, "sr": 1.2847237170671322}}