{"returned_dict": {"loss": 56.10865942565622, "r2": -0.47740452377891, "status": "ok", "start_time": 1688767481.2571719, "duration": 0.3688042163848877}, "current_params": {"N": 200, "iss": 0.012650070398126377, "lr": 0.004412075877965789, "ridge": 1e-07, "seed": 1234, "sr": 1.0075606607035918}}