{"returned_dict": {"loss": 56.423166673751574, "r2": -0.6262150145792097, "status": "ok", "start_time": 1688771659.72684, "duration": 0.35393786430358887}, "current_params": {"N": 200, "iss": 0.9124256395598784, "lr": 0.004233385166803992, "ridge": 1e-07, "seed": 1234, "sr": 0.3296822527987904}}