{"returned_dict": {"loss": 58.338526090487676, "r2": -0.7294421381647244, "status": "ok", "start_time": 1688771281.257196, "duration": 0.3035731315612793}, "current_params": {"N": 100, "iss": 0.10397406317773492, "lr": 0.003041391485982443, "ridge": 1e-07, "seed": 1234, "sr": 0.5453185792120382}}