{"returned_dict": {"loss": 58.47603038374795, "r2": -0.5045254306400176, "status": "ok", "start_time": 1688767422.811061, "duration": 0.3123910427093506}, "current_params": {"N": 200, "iss": 0.25164117535464336, "lr": 0.0049758561358007524, "ridge": 1e-07, "seed": 1234, "sr": 0.7479369788933031}}