{"returned_dict": {"loss": 58.47603038374795, "r2": -0.5045254306400176, "status": "ok", "start_time": 1688771356.784408, "duration": 0.35892391204833984}, "current_params": {"N": 200, "iss": 0.25164117535464336, "lr": 0.0049758561358007524, "ridge": 1e-07, "seed": 1234, "sr": 0.7479369788933031}}