{"returned_dict": {"loss": 58.62199329912587, "r2": -0.5141774731773828, "status": "ok", "start_time": 1688767456.31642, "duration": 0.36165690422058105}, "current_params": {"N": 200, "iss": 0.03625810393281909, "lr": 0.005534144396068831, "ridge": 1e-07, "seed": 1234, "sr": 0.5150199711669025}}