{"returned_dict": {"loss": 6.315657534437982, "r2": -0.22420849089157988, "status": "ok", "start_time": 1688771363.337214, "duration": 0.3313288688659668}, "current_params": {"N": 200, "iss": 1.1749435357259597, "lr": 0.01194012324967482, "ridge": 1e-07, "seed": 1234, "sr": 0.07182579673523158}}