{"returned_dict": {"loss": 6.352986628426675, "r2": -0.1992856538191199, "status": "ok", "start_time": 1688767402.6544771, "duration": 0.32300281524658203}, "current_params": {"N": 100, "iss": 1.0637729366193858, "lr": 0.015577684928036531, "ridge": 1e-07, "seed": 1234, "sr": 0.27449667729681954}}