{"returned_dict": {"loss": 6.367370779261283, "r2": -0.6909051271173873, "status": "ok", "start_time": 1688771580.119885, "duration": 0.31006407737731934}, "current_params": {"N": 100, "iss": 0.11475412781925637, "lr": 0.001438234015621399, "ridge": 1e-07, "seed": 1234, "sr": 0.6991397473769041}}