{"returned_dict": {"loss": 6.7680271071356914, "r2": -0.4149614072881956, "status": "ok", "start_time": 1688771676.4921541, "duration": 0.36196208000183105}, "current_params": {"N": 200, "iss": 0.06420827383830166, "lr": 0.006517013347114697, "ridge": 1e-07, "seed": 1234, "sr": 0.10285055937981123}}