{"returned_dict": {"loss": 6.981198756139666, "r2": -5.765058906174157, "status": "ok", "start_time": 1688767398.62181, "duration": 0.32052016258239746}, "current_params": {"N": 100, "iss": 0.5312953381301151, "lr": 0.19508739133158115, "ridge": 1e-07, "seed": 1234, "sr": 1.513684164376375}}