{"returned_dict": {"loss": 60.90028366052058, "r2": -0.8088229006033503, "status": "ok", "start_time": 1688771644.589288, "duration": 0.36138105392456055}, "current_params": {"N": 200, "iss": 0.5105284065282, "lr": 0.0021754527786438816, "ridge": 1e-07, "seed": 1234, "sr": 0.6542699422086171}}