{"returned_dict": {"loss": 62.53522130112802, "r2": -0.5681475292542608, "status": "ok", "start_time": 1688767433.106753, "duration": 0.39025402069091797}, "current_params": {"N": 200, "iss": 1.7105847285539815, "lr": 0.005007729021893898, "ridge": 1e-07, "seed": 1234, "sr": 0.3520580742189194}}