{"returned_dict": {"loss": 621.1412875547794, "r2": -0.7835036043956801, "status": "ok", "start_time": 1688771672.915039, "duration": 0.31421899795532227}, "current_params": {"N": 200, "iss": 0.014725359610710313, "lr": 0.0064297670646757095, "ridge": 1e-07, "seed": 1234, "sr": 1.3674841479920639}}