{"returned_dict": {"loss": 63.94301461588095, "r2": -0.5353632637179866, "status": "ok", "start_time": 1688771318.73046, "duration": 0.2902660369873047}, "current_params": {"N": 100, "iss": 0.03625810393281909, "lr": 0.005534144396068831, "ridge": 1e-07, "seed": 1234, "sr": 0.5150199711669025}}