{"returned_dict": {"loss": 67.36769955841011, "r2": -0.3334959063785094, "status": "ok", "start_time": 1688771323.1633139, "duration": 0.3309171199798584}, "current_params": {"N": 100, "iss": 0.07429821368173124, "lr": 0.014788360119021819, "ridge": 1e-07, "seed": 1234, "sr": 0.7203425093340039}}