{"returned_dict": {"loss": 69.26357175231193, "r2": -0.4105491051549066, "status": "ok", "start_time": 1688767372.24479, "duration": 0.31332874298095703}, "current_params": {"N": 100, "iss": 0.12228663774682785, "lr": 0.011631913763100198, "ridge": 1e-07, "seed": 1234, "sr": 0.6655004099498368}}