{"returned_dict": {"loss": 7.02134044456512, "r2": -0.48679260423119053, "status": "ok", "start_time": 1688771651.1120372, "duration": 0.3473789691925049}, "current_params": {"N": 200, "iss": 0.010295534387167907, "lr": 0.01349209459388104, "ridge": 1e-07, "seed": 1234, "sr": 0.35805063242682483}}