{"returned_dict": {"loss": 7.367501415427124, "r2": -0.21237978964287577, "status": "ok", "start_time": 1688771568.606266, "duration": 0.2666609287261963}, "current_params": {"N": 100, "iss": 1.2673710645992913, "lr": 0.012671399492344065, "ridge": 1e-07, "seed": 1234, "sr": 0.09689331761613938}}