{"returned_dict": {"loss": 7.558718286616142, "r2": -0.28606809927273513, "status": "ok", "start_time": 1688771667.6116369, "duration": 0.3118011951446533}, "current_params": {"N": 200, "iss": 0.05853866348706436, "lr": 0.043542816329557914, "ridge": 1e-07, "seed": 1234, "sr": 0.8306658594207269}}