{"returned_dict": {"loss": 70.54870122778414, "r2": -0.542981761407855, "status": "ok", "start_time": 1688771369.8347032, "duration": 0.40572690963745117}, "current_params": {"N": 200, "iss": 0.13443722731797197, "lr": 0.004143986858637383, "ridge": 1e-07, "seed": 1234, "sr": 0.990032423792991}}