{"returned_dict": {"loss": 73.729765676491, "r2": -0.5537032062904842, "status": "ok", "start_time": 1688771563.5715818, "duration": 0.28945112228393555}, "current_params": {"N": 100, "iss": 0.25164117535464336, "lr": 0.0049758561358007524, "ridge": 1e-07, "seed": 1234, "sr": 0.7479369788933031}}