{"returned_dict": {"loss": 74.1307695859172, "r2": -805.3955558659464, "status": "ok", "start_time": 1688771299.019629, "duration": 0.3097379207611084}, "current_params": {"N": 100, "iss": 0.06982435222165363, "lr": 0.02295730315688215, "ridge": 1e-07, "seed": 1234, "sr": 1.6780271795969788}}