{"returned_dict": {"loss": 76.82258962799752, "r2": -0.5323943337549036, "status": "ok", "start_time": 1688767408.669696, "duration": 0.32070183753967285}, "current_params": {"N": 100, "iss": 0.012650070398126377, "lr": 0.004412075877965789, "ridge": 1e-07, "seed": 1234, "sr": 1.0075606607035918}}