{"returned_dict": {"loss": 772.7356358309621, "r2": -0.4390500580756577, "status": "ok", "start_time": 1688767468.9367318, "duration": 0.3426542282104492}, "current_params": {"N": 200, "iss": 0.06916333012530408, "lr": 0.010392855525269699, "ridge": 1e-07, "seed": 1234, "sr": 1.887418857966639}}