{"returned_dict": {"loss": 786.2850784562252, "r2": -0.7181592215858053, "status": "ok", "start_time": 1688771412.131742, "duration": 0.37171101570129395}, "current_params": {"N": 200, "iss": 0.19191114952672036, "lr": 0.006965147459842892, "ridge": 1e-07, "seed": 1234, "sr": 1.559825931937824}}