{"returned_dict": {"loss": 8.479705714477573, "r2": -1.0618861652533849, "status": "ok", "start_time": 1688771325.259113, "duration": 0.28363680839538574}, "current_params": {"N": 100, "iss": 0.05853866348706436, "lr": 0.043542816329557914, "ridge": 1e-07, "seed": 1234, "sr": 0.8306658594207269}}