{"returned_dict": {"loss": 81.30597672077992, "r2": -0.9137639021004592, "status": "ok", "start_time": 1688771289.041621, "duration": 0.31386590003967285}, "current_params": {"N": 100, "iss": 1.192142646298843, "lr": 0.004652465849430955, "ridge": 1e-07, "seed": 1234, "sr": 1.2785460350019393}}