{"returned_dict": {"loss": 84.22156638041417, "r2": -0.7785484044655512, "status": "ok", "start_time": 1688767425.796632, "duration": 0.3259918689727783}, "current_params": {"N": 200, "iss": 0.043830790191314244, "lr": 0.0025277744748336503, "ridge": 1e-07, "seed": 1234, "sr": 0.6381677127841718}}