{"returned_dict": {"loss": 85.4087152863376, "r2": -0.7030203226696886, "status": "ok", "start_time": 1688771356.453897, "duration": 0.32791900634765625}, "current_params": {"N": 200, "iss": 1.192142646298843, "lr": 0.004652465849430955, "ridge": 1e-07, "seed": 1234, "sr": 1.2785460350019393}}