{"returned_dict": {"loss": 86.15147870417552, "r2": -0.7308353405719323, "status": "ok", "start_time": 1688771346.992393, "duration": 0.5988500118255615}, "current_params": {"N": 200, "iss": 0.10397406317773492, "lr": 0.003041391485982443, "ridge": 1e-07, "seed": 1234, "sr": 0.5453185792120382}}