{"returned_dict": {"loss": 9.167502664789147, "r2": -0.2153421625174928, "status": "ok", "start_time": 1688771362.689729, "duration": 0.3118000030517578}, "current_params": {"N": 200, "iss": 1.2673710645992913, "lr": 0.012671399492344065, "ridge": 1e-07, "seed": 1234, "sr": 0.09689331761613938}}