{"returned_dict": {"loss": 9.811712673158949, "r2": -0.3805282751100935, "status": "ok", "start_time": 1688767378.407926, "duration": 0.2915670871734619}, "current_params": {"N": 100, "iss": 0.010295534387167907, "lr": 0.01349209459388104, "ridge": 1e-07, "seed": 1234, "sr": 0.35805063242682483}}