{"returned_dict": {"loss": 90.32672402180167, "r2": -0.5946687848892899, "status": "ok", "start_time": 1688771574.203653, "duration": 0.3029458522796631}, "current_params": {"N": 100, "iss": 0.13443722731797197, "lr": 0.004143986858637383, "ridge": 1e-07, "seed": 1234, "sr": 0.990032423792991}}