{"returned_dict": {"loss": 92.06597243207922, "r2": -0.7262557246798401, "status": "ok", "start_time": 1688771561.777032, "duration": 0.3067922592163086}, "current_params": {"N": 100, "iss": 1.8994530384590014, "lr": 0.003135528802871368, "ridge": 1e-07, "seed": 1234, "sr": 0.6742458608510943}}