{"returned_dict": {"loss": 92.30727970426695, "r2": -0.916099457256427, "status": "ok", "start_time": 1688771586.976779, "duration": 0.3850901126861572}, "current_params": {"N": 100, "iss": 0.010420990091656843, "lr": 0.004162641776033228, "ridge": 1e-07, "seed": 1234, "sr": 1.4711148817425204}}