{"returned_dict": {"loss": 94.54719066893165, "r2": -0.8977820105440522, "status": "ok", "start_time": 1688771318.452092, "duration": 0.2757842540740967}, "current_params": {"N": 100, "iss": 0.09708209614220148, "lr": 0.004189980001610144, "ridge": 1e-07, "seed": 1234, "sr": 1.4761554972058764}}