{"returned_dict": {"loss": 99.04483025524884, "r2": -0.8351974315804581, "status": "ok", "start_time": 1688767393.159594, "duration": 0.30054497718811035}, "current_params": {"N": 100, "iss": 1.9007784073998995, "lr": 0.00474765619086868, "ridge": 1e-07, "seed": 1234, "sr": 1.3472145458146776}}