{"returned_dict": {"loss": 99.73043370090373, "r2": -0.9050971345822826, "status": "ok", "start_time": 1688767400.49256, "duration": 0.3148610591888428}, "current_params": {"N": 100, "iss": 0.03192677877652177, "lr": 0.0012747559185957923, "ridge": 1e-07, "seed": 1234, "sr": 1.8972856315674878}}